Date,Confirmed,Recovered,Deaths,NewConfirmed,NewDeaths,NewRecovered,ActiveCases
2020-01-22,533,28.0,17,0.0,0.0,0.0,488.0
2020-01-23,610,30.0,18,77.0,1.0,2.0,562.0
2020-01-24,865,35.0,26,255.0,8.0,5.0,804.0
2020-01-25,1323,38.0,42,458.0,16.0,3.0,1243.0
2020-01-26,1944,48.0,56,621.0,14.0,10.0,1840.0
2020-01-27,2704,57.0,82,760.0,26.0,9.0,2565.0
2020-01-28,5268,98.0,131,2564.0,49.0,41.0,5039.0
2020-01-29,5707,117.0,133,439.0,2.0,19.0,5457.0
2020-01-30,7611,133.0,171,1904.0,38.0,16.0,7307.0
2020-01-31,9145,201.0,213,1534.0,42.0,68.0,8731.0
2020-02-01,11156,254.0,259,2011.0,46.0,53.0,10643.0
2020-02-02,15811,429.0,361,4655.0,102.0,175.0,15021.0
2020-02-03,18807,567.0,425,2996.0,64.0,138.0,17815.0
2020-02-04,22679,776.0,491,3872.0,66.0,209.0,21412.0
2020-02-05,26336,1032.0,562,3657.0,71.0,256.0,24742.0
2020-02-06,29406,1376.0,632,3070.0,70.0,344.0,27398.0
2020-02-07,32870,1864.0,717,3464.0,85.0,488.0,30289.0
2020-02-08,35522,2402.0,804,2652.0,87.0,538.0,32316.0
2020-02-09,38501,2998.0,904,2979.0,100.0,596.0,34599.0
2020-02-10,40994,3651.0,1011,2493.0,107.0,653.0,36332.0
2020-02-11,42980,4335.0,1110,1986.0,99.0,684.0,37535.0
2020-02-12,43328,4723.0,1115,348.0,5.0,388.0,37490.0
2020-02-13,58437,5811.0,1365,15109.0,250.0,1088.0,51261.0
2020-02-14,64881,7509.0,1517,6444.0,152.0,1698.0,55855.0
2020-02-15,66916,8789.0,1659,2035.0,142.0,1280.0,56468.0
2020-02-16,69005,10208.0,1762,2089.0,103.0,1419.0,57035.0
2020-02-17,70918,11861.0,1860,1913.0,98.0,1653.0,57197.0
2020-02-18,72689,13565.0,1999,1771.0,139.0,1704.0,57125.0
2020-02-19,73093,15235.0,2111,404.0,112.0,1670.0,55747.0
2020-02-20,73548,17232.0,2231,455.0,120.0,1997.0,54085.0
2020-02-21,73994,17855.0,2231,446.0,0.0,623.0,53908.0
2020-02-22,75441,21795.0,2435,1447.0,204.0,3940.0,51211.0
2020-02-23,75465,22215.0,2437,24.0,2.0,420.0,50813.0
2020-02-24,75691,24004.0,2587,226.0,150.0,1789.0,49100.0
2020-02-25,76232,26630.0,2657,541.0,70.0,2626.0,46945.0
2020-02-26,76656,28955.0,2709,424.0,52.0,2325.0,44992.0
2020-02-27,77092,31715.0,2738,436.0,29.0,2760.0,42639.0
2020-02-28,77430,35056.0,2781,338.0,43.0,3341.0,39593.0
2020-02-29,77885,37988.0,2828,455.0,47.0,2932.0,37069.0
2020-03-01,78491,40790.0,2864,606.0,36.0,2802.0,34837.0
2020-03-02,78719,43452.0,2906,228.0,42.0,2662.0,32361.0
2020-03-03,78864,46008.0,2939,145.0,33.0,2556.0,29917.0
2020-03-04,79045,48537.0,2976,181.0,37.0,2529.0,27532.0
2020-03-05,79259,50823.0,3008,214.0,32.0,2286.0,25428.0
2020-03-06,79531,52454.0,3037,272.0,29.0,1631.0,24040.0
2020-03-07,79744,54041.0,3065,213.0,28.0,1587.0,22638.0
2020-03-08,79917,55882.0,3096,173.0,31.0,1841.0,20939.0
2020-03-09,80078,57294.0,3120,161.0,24.0,1412.0,19664.0
2020-03-10,80268,58667.0,3136,190.0,16.0,1373.0,18465.0
2020-03-11,80625,60142.0,3163,357.0,27.0,1475.0,17320.0
2020-03-12,80792,61405.0,3177,167.0,14.0,1263.0,16210.0
2020-03-13,81635,62712.0,3190,843.0,13.0,1307.0,15733.0
2020-03-14,82168,64166.0,3206,533.0,16.0,1454.0,14796.0
2020-03-15,82841,65541.0,3217,673.0,11.0,1375.0,14083.0
2020-03-16,83647,66450.0,3239,806.0,22.0,909.0,13958.0
2020-03-17,84720,67344.0,3263,1073.0,24.0,894.0,14113.0
2020-03-18,85908,68348.0,3295,1188.0,32.0,1004.0,14265.0
2020-03-19,87430,69162.0,3321,1522.0,26.0,814.0,14947.0
2020-03-20,89388,69868.0,3356,1958.0,35.0,706.0,16164.0
2020-03-21,91817,70772.0,3418,2429.0,62.0,904.0,17627.0
2020-03-22,95278,71398.0,3472,3461.0,54.0,626.0,20408.0
2020-03-23,98127,71848.0,3517,2849.0,45.0,450.0,22762.0
2020-03-24,101428,72619.0,3599,3301.0,82.0,771.0,25210.0
2020-03-25,104152,73279.0,3702,2724.0,103.0,660.0,27171.0
2020-03-26,109283,73994.0,3828,5131.0,126.0,715.0,31461.0
2020-03-27,113554,74944.0,3959,4271.0,131.0,950.0,34651.0
2020-03-28,118789,75667.0,4111,5235.0,152.0,723.0,39011.0
2020-03-29,123358,76750.0,4297,4569.0,186.0,1083.0,42311.0
2020-03-30,128073,77852.0,4489,4715.0,192.0,1102.0,45732.0
2020-03-31,133229,78949.0,4840,5156.0,351.0,1097.0,49440.0
2020-04-01,138510,80188.0,5109,5281.0,269.0,1239.0,53213.0
2020-04-02,144836,81313.0,5534,6326.0,425.0,1125.0,57989.0
2020-04-03,150529,82453.0,5871,5693.0,337.0,1140.0,62205.0
2020-04-04,156548,83787.0,6271,6019.0,400.0,1334.0,66490.0
2020-04-05,161186,85272.0,6643,4638.0,372.0,1485.0,69271.0
2020-04-06,166297,86672.0,7121,5111.0,478.0,1400.0,72504.0
2020-04-07,172422,87853.0,7860,6125.0,739.0,1181.0,76709.0
2020-04-08,178814,89541.0,8413,6392.0,553.0,1688.0,80860.0
2020-04-09,185734,91806.0,9045,6920.0,632.0,2265.0,84883.0
2020-04-10,192368,94064.0,9868,6634.0,823.0,2258.0,88436.0
2020-04-11,198007,95668.0,10481,5639.0,613.0,1604.0,91858.0
2020-04-12,204144,97217.0,11071,6137.0,590.0,1549.0,95856.0
2020-04-13,209790,98388.0,11743,5646.0,672.0,1171.0,99659.0
2020-04-14,215785,102976.0,12448,5995.0,705.0,4588.0,100361.0
2020-04-15,225062,115401.0,13175,9277.0,727.0,12425.0,96486.0
2020-04-16,232449,117751.0,14044,7387.0,869.0,2350.0,100654.0
2020-04-17,241594,120361.0,16145,9145.0,2101.0,2610.0,105088.0
2020-04-18,249586,122475.0,16885,7992.0,740.0,2114.0,110226.0
2020-04-19,256407,132368.0,17476,6821.0,591.0,9893.0,106563.0
2020-04-20,263818,133536.0,17975,7411.0,499.0,1168.0,112307.0
2020-04-21,270624,136111.0,18553,6806.0,578.0,2575.0,115960.0
2020-04-22,278152,140717.0,19245,7528.0,692.0,4606.0,118190.0
2020-04-23,288119,144271.0,20159,9967.0,914.0,3554.0,123689.0
2020-04-24,298268,147175.0,20946,10149.0,787.0,2904.0,130147.0
2020-04-25,309621,150814.0,21790,11353.0,844.0,3639.0,137017.0
2020-04-26,318127,153468.0,22410,8506.0,620.0,2654.0,142249.0
2020-04-27,327317,155444.0,23053,9190.0,643.0,1976.0,148820.0
2020-04-28,338197,158388.0,23922,10880.0,869.0,2944.0,155887.0
2020-04-29,350100,161546.0,24805,11903.0,883.0,3158.0,163749.0
2020-04-30,363357,165113.0,25619,13257.0,814.0,3567.0,172625.0
2020-05-01,374295,169183.0,26373,10938.0,754.0,4070.0,178739.0
2020-05-02,386618,173624.0,27013,12323.0,640.0,4441.0,185981.0
2020-05-03,396561,177842.0,27570,9943.0,557.0,4218.0,191149.0
2020-05-04,408468,181951.0,28168,11907.0,598.0,4109.0,198349.0
2020-05-05,421015,186087.0,29015,12547.0,847.0,4136.0,205913.0
2020-05-06,438718,191417.0,30244,17703.0,1229.0,5330.0,217057.0
2020-05-07,454471,198002.0,31118,15753.0,874.0,6585.0,225351.0
2020-05-08,471972,203861.0,32228,17501.0,1110.0,5859.0,235883.0
2020-05-09,489353,208810.0,33122,17381.0,894.0,4949.0,247421.0
2020-05-10,503260,214158.0,33863,13907.0,741.0,5348.0,255239.0
2020-05-11,516328,218174.0,34628,13068.0,765.0,4016.0,263526.0
2020-05-12,531643,225320.0,35685,15315.0,1057.0,7146.0,270638.0
2020-05-13,551272,234115.0,36732,19629.0,1047.0,8795.0,280425.0
2020-05-14,572461,237415.0,37775,21189.0,1043.0,3300.0,297271.0
2020-05-15,598505,246249.0,39024,26044.0,1249.0,8834.0,313232.0
2020-05-16,622536,254152.0,39966,24031.0,942.0,7903.0,328418.0
2020-05-17,637878,261445.0,40650,15342.0,684.0,7293.0,335783.0
2020-05-18,660680,269689.0,41595,22802.0,945.0,8244.0,349396.0
2020-05-19,686217,279273.0,42944,25537.0,1349.0,9584.0,364000.0
2020-05-20,719660,293035.0,44274,33443.0,1330.0,13762.0,382351.0
2020-05-21,748969,306161.0,45608,29309.0,1334.0,13126.0,397200.0
2020-05-22,781862,319548.0,46901,32893.0,1293.0,13387.0,415413.0
2020-05-23,815843,330399.0,48186,33981.0,1285.0,10851.0,437258.0
2020-05-24,841269,341657.0,49092,25426.0,906.0,11258.0,450520.0
2020-05-25,865565,348329.0,50051,24296.0,959.0,6672.0,467185.0
2020-05-26,892115,356693.0,51339,26550.0,1288.0,8364.0,484083.0
2020-05-27,923178,369660.0,52619,31063.0,1280.0,12967.0,500899.0
2020-05-28,963497,385764.0,54079,40319.0,1460.0,16104.0,523654.0
2020-05-29,1002028,403894.0,55469,38531.0,1390.0,18130.0,542665.0
2020-05-30,1055212,419393.0,56551,53184.0,1082.0,15499.0,579268.0
2020-05-31,1080868,430494.0,57219,25656.0,668.0,11101.0,593155.0
2020-06-01,1109046,439626.0,58207,28178.0,988.0,9132.0,611213.0
2020-06-02,1152613,495606.0,59833,43567.0,1626.0,55980.0,597174.0
2020-06-03,1191993,517636.0,61307,39380.0,1474.0,22030.0,613050.0
2020-06-04,1236768,541617.0,63060,44775.0,1753.0,23981.0,632091.0
2020-06-05,1282367,561520.0,64404,45599.0,1344.0,19903.0,656443.0
2020-06-06,1328671,579372.0,65475,46304.0,1071.0,17852.0,683824.0
2020-06-07,1361115,593879.0,66216,32444.0,741.0,14507.0,701020.0
2020-06-08,1390956,695502.0,67877,29841.0,1661.0,101623.0,627577.0
2020-06-09,1434769,722518.0,69249,43813.0,1372.0,27016.0,643002.0
2020-06-10,1483698,748495.0,70856,48929.0,1607.0,25977.0,664347.0
2020-06-11,1527390,773067.0,72487,43692.0,1631.0,24572.0,681836.0
2020-06-12,1568112,797221.0,73741,40722.0,1254.0,24154.0,697150.0
2020-06-13,1606485,821545.0,74987,38373.0,1246.0,24324.0,709953.0
2020-06-14,1638975,842258.0,75984,32490.0,997.0,20713.0,720733.0
2020-06-15,1678987,859067.0,77009,40012.0,1025.0,16809.0,742911.0
2020-06-16,1730306,899544.0,78541,51319.0,1532.0,40477.0,752221.0
2020-06-17,1773618,961938.0,80150,43312.0,1609.0,62394.0,731530.0
2020-06-18,1813814,986640.0,81819,40196.0,1669.0,24702.0,745355.0
2020-06-19,1886835,1018616.0,83417,73021.0,1598.0,31976.0,784802.0
2020-06-20,1966000,1054201.0,84749,79165.0,1332.0,35585.0,827050.0
2020-06-21,1961588,1074255.0,85706,0.0,957.0,20054.0,801627.0
2020-06-22,2004770,1096905.0,86693,43182.0,987.0,22650.0,821172.0
2020-06-23,2058539,1133531.0,88314,53769.0,1621.0,36626.0,836694.0
2020-06-24,2114279,1179514.0,89840,55740.0,1526.0,45983.0,844925.0
2020-06-25,2172153,1209745.0,91402,57874.0,1562.0,30231.0,871006.0
2020-06-26,2232660,1245969.0,92720,60507.0,1318.0,36224.0,893971.0
2020-06-27,2284956,1282168.0,94198,52296.0,1478.0,36199.0,908590.0
2020-06-28,2332472,1311783.0,95137,47516.0,939.0,29615.0,925552.0
2020-06-29,2368876,1334108.0,96138,36404.0,1001.0,22325.0,938630.0
2020-06-30,2422421,1375926.0,97791,53545.0,1653.0,41818.0,948704.0
2020-07-01,2483128,1418288.0,99204,60707.0,1413.0,42362.0,965636.0
2020-07-02,2541716,1571906.0,100867,58588.0,1663.0,153618.0,868943.0
2020-07-03,2599903,1611026.0,102422,58187.0,1555.0,39120.0,886455.0
2020-07-04,2647996,1629952.0,103809,48093.0,1387.0,18926.0,914235.0
2020-07-05,2686795,1677963.0,104700,38799.0,891.0,48011.0,904132.0
2020-07-06,2724983,1722413.0,105709,38188.0,1009.0,44450.0,896861.0
2020-07-07,2786960,1779012.0,107374,61977.0,1665.0,56599.0,900574.0
2020-07-08,2846714,1828682.0,108911,59754.0,1537.0,49670.0,909121.0
2020-07-09,2905057,1872517.0,110441,58343.0,1530.0,43835.0,922099.0
2020-07-10,2964051,1927724.0,112079,58994.0,1638.0,55207.0,924248.0
2020-07-11,3013548,1965587.0,113281,49497.0,1202.0,37863.0,934680.0
2020-07-12,3050098,1999262.0,114211,36550.0,930.0,33675.0,936625.0
2020-07-13,3086314,2037436.0,115296,36216.0,1085.0,38174.0,933582.0
2020-07-14,3143232,2082317.0,116854,56918.0,1558.0,44881.0,944061.0
2020-07-15,3198517,2121089.0,118530,55285.0,1676.0,38772.0,958898.0
2020-07-16,3258978,2180867.0,120192,60461.0,1662.0,59778.0,957919.0
2020-07-17,3310116,2220079.0,122649,51138.0,2457.0,39212.0,967388.0
2020-07-18,3350503,2249419.0,123777,40387.0,1128.0,29340.0,977307.0
2020-07-19,3387357,2269587.0,124738,36854.0,961.0,20168.0,993032.0
2020-07-20,3424617,2333412.0,125928,37260.0,1190.0,63825.0,965277.0
2020-07-21,3487288,2385327.0,127581,62671.0,1653.0,51915.0,974380.0
2020-07-22,3569813,2431890.0,129204,82525.0,1623.0,46563.0,1008719.0
2020-07-23,3644282,2471015.0,130973,74469.0,1769.0,39125.0,1042294.0
2020-07-24,3717603,2554763.0,132507,73321.0,1534.0,83748.0,1030333.0
2020-07-25,3780388,2656597.0,133982,62785.0,1475.0,101834.0,989809.0
2020-07-26,3816665,2693277.0,134861,36277.0,879.0,36680.0,988527.0
2020-07-27,3861159,2736047.0,135938,44494.0,1077.0,42770.0,989174.0
2020-07-28,3931019,2768860.0,137555,69860.0,1617.0,32813.0,1024604.0
2020-07-29,4003315,2835608.0,139120,72296.0,1565.0,66748.0,1028587.0
2020-07-30,4078755,2881304.0,140788,75440.0,1668.0,45696.0,1056663.0
2020-07-31,4148826,2944971.0,142420,70071.0,1632.0,63667.0,1061435.0
2020-08-01,4205592,2980425.0,143670,56766.0,1250.0,35454.0,1081497.0
2020-08-02,4242930,3013534.0,144498,37338.0,828.0,33109.0,1084898.0
2020-08-03,4275821,3057273.0,145553,32891.0,1055.0,43739.0,1072995.0
2020-08-04,4348604,3127092.0,147344,72783.0,1791.0,69819.0,1074168.0
2020-08-05,4422153,3171274.0,149059,73549.0,1715.0,44182.0,1101820.0
2020-08-06,4494063,3222688.0,150717,71910.0,1658.0,51414.0,1120658.0
2020-08-07,4561520,3276086.0,152189,67457.0,1472.0,53398.0,1133245.0
2020-08-08,4623558,3336904.0,153355,62038.0,1166.0,60818.0,1133299.0
2020-08-09,4659609,3378577.0,154226,36051.0,871.0,41673.0,1126806.0
2020-08-10,4704146,3419941.0,155450,44537.0,1224.0,41364.0,1128755.0
2020-08-11,4771696,3559295.0,157145,67550.0,1695.0,139354.0,1055256.0
2020-08-12,4844347,3629943.0,158761,72651.0,1616.0,70648.0,1055643.0
2020-08-13,4922425,3656967.0,160425,78078.0,1664.0,27024.0,1105033.0
2020-08-14,4989028,3767322.0,161804,66603.0,1379.0,110355.0,1059902.0
2020-08-15,5041806,3787425.0,162864,52778.0,1060.0,20103.0,1091517.0
2020-08-16,5078477,3831929.0,163730,36671.0,866.0,44504.0,1082818.0
2020-08-17,5115259,3888582.0,164886,36782.0,1156.0,56653.0,1061791.0
2020-08-18,5181508,3954740.0,166688,66249.0,1802.0,66158.0,1060080.0
2020-08-19,5246551,4019504.0,168345,65043.0,1657.0,64764.0,1058702.0
2020-08-20,5307421,4078194.0,170046,60870.0,1701.0,58690.0,1059181.0
2020-08-21,5357902,4105571.0,171547,50481.0,1501.0,27377.0,1080784.0
2020-08-22,5420098,4178798.0,172743,62196.0,1196.0,73227.0,1068557.0
2020-08-23,5454783,4227369.0,173560,34685.0,817.0,48571.0,1053854.0
2020-08-24,5495905,4270451.0,174941,41122.0,1381.0,43082.0,1050513.0
2020-08-25,5559100,4343696.0,176609,63195.0,1668.0,73245.0,1038795.0
2020-08-26,5626646,4408934.0,178079,67546.0,1470.0,65238.0,1039633.0
2020-08-27,5688090,4465911.0,179536,61444.0,1457.0,56977.0,1042643.0
2020-08-28,5752718,4517145.0,180847,64628.0,1311.0,51234.0,1054726.0
2020-08-29,5807993,4575699.0,182048,55275.0,1201.0,58554.0,1050246.0
2020-08-30,5836881,4626110.0,182777,28888.0,729.0,50411.0,1027994.0
2020-08-31,5904328,4672310.0,183833,67447.0,1056.0,46200.0,1048185.0
2020-09-01,5966740,4767007.0,185451,62412.0,1618.0,94697.0,1014282.0
2020-09-02,6032695,4825199.0,187079,65955.0,1628.0,58192.0,1020417.0
2020-09-03,6100616,4884516.0,188494,67921.0,1415.0,59317.0,1027606.0
2020-09-04,6159955,4937732.0,189825,59339.0,1331.0,53216.0,1032398.0
2020-09-05,6212287,4989370.0,190758,52332.0,933.0,51638.0,1032159.0
2020-09-06,6241448,5030166.0,191461,29161.0,703.0,40796.0,1019821.0
2020-09-07,6268320,5073412.0,193872,26872.0,2411.0,43246.0,1001036.0
2020-09-08,6308254,5115517.0,194859,39934.0,987.0,42105.0,997878.0
2020-09-09,6366249,5180012.0,196446,57995.0,1587.0,64495.0,989791.0
2020-09-10,6428733,5243221.0,197893,62484.0,1447.0,63209.0,987619.0
2020-09-11,6491620,5299260.0,199193,62887.0,1300.0,56039.0,993167.0
2020-09-12,6542677,5344708.0,200258,51057.0,1065.0,45448.0,997711.0
2020-09-13,6575085,5361810.0,200943,32408.0,685.0,17102.0,1012332.0
2020-09-14,6615124,5425416.0,201934,40039.0,991.0,63606.0,987774.0
2020-09-15,6670507,5485207.0,203402,55383.0,1468.0,59791.0,981898.0
2020-09-16,6728902,5536764.0,204786,58395.0,1384.0,51557.0,987352.0
2020-09-17,6789162,5581016.0,206229,60260.0,1443.0,44252.0,1001917.0
2020-09-18,6851317,5623099.0,207445,62155.0,1216.0,42083.0,1020773.0
2020-09-19,6899828,5680293.0,208454,48511.0,1009.0,57194.0,1011081.0
2020-09-20,6932983,5723551.0,209211,33155.0,757.0,43258.0,1000221.0
2020-09-21,6969036,5780243.0,210261,36053.0,1050.0,56692.0,978532.0
2020-09-22,7025324,5820167.0,211695,56288.0,1434.0,39924.0,993462.0
2020-09-23,7081645,5866561.0,213251,56321.0,1556.0,46394.0,1001833.0
2020-09-24,7138941,5942057.0,214731,57296.0,1480.0,75496.0,982153.0
2020-09-25,7196419,5985145.0,216190,57478.0,1459.0,43088.0,995084.0
2020-09-26,7243411,6026625.0,217459,46992.0,1269.0,41480.0,999327.0
2020-09-27,7275872,6060852.0,218194,32461.0,735.0,34227.0,996826.0
2020-09-28,7315259,6102332.0,219197,39387.0,1003.0,41480.0,993730.0
2020-09-29,7372605,6158738.0,220667,57346.0,1470.0,56406.0,993200.0
2020-09-30,7431694,6212968.0,222282,59089.0,1615.0,54230.0,996444.0
2020-10-01,7493924,6253766.0,226618,62230.0,4336.0,40798.0,1013540.0
2020-10-02,7555483,6272439.0,227824,61559.0,1206.0,18673.0,1055220.0
2020-10-03,7602741,6351870.0,228796,47258.0,972.0,79431.0,1022075.0
2020-10-04,7630662,6383105.0,229603,27921.0,807.0,31235.0,1017954.0
2020-10-05,7680283,6423764.0,230701,49621.0,1098.0,40659.0,1025818.0
2020-10-06,7739232,6474919.0,232096,58949.0,1395.0,51155.0,1032217.0
2020-10-07,7801163,6520096.0,233445,61931.0,1349.0,45177.0,1047622.0
2020-10-08,7861108,6572239.0,234918,59945.0,1473.0,52143.0,1053951.0
2020-10-09,7921218,6607041.0,236331,60110.0,1413.0,34802.0,1077846.0
2020-10-10,7976946,6625775.0,237456,55728.0,1125.0,18734.0,1113715.0
2020-10-11,8016204,6669497.0,238230,39258.0,774.0,43722.0,1108477.0
2020-10-12,8048439,6686632.0,238974,32235.0,744.0,17135.0,1122833.0
2020-10-13,8094999,6705208.0,239967,46560.0,993.0,18576.0,1149824.0
2020-10-14,8158837,6723867.0,241289,63838.0,1322.0,18659.0,1193681.0
2020-10-15,8230691,6746067.0,242751,71854.0,1462.0,22200.0,1241873.0
2020-10-16,8301353,6767524.0,244100,70662.0,1349.0,21457.0,1289729.0
2020-10-17,8360115,6787915.0,245156,58762.0,1056.0,20391.0,1327044.0
2020-10-18,8404977,6807294.0,245798,44862.0,642.0,19379.0,1351885.0
2020-10-19,8456777,6814239.0,246854,51800.0,1056.0,6945.0,1395684.0
2020-10-20,8520642,6848771.0,248139,63865.0,1285.0,34532.0,1423732.0
2020-10-21,8594253,6866761.0,249434,73611.0,1295.0,17990.0,1478058.0
2020-10-22,8670046,6890031.0,250717,75793.0,1283.0,23270.0,1529298.0
2020-10-23,8752610,6914657.0,251982,82564.0,1265.0,24626.0,1585971.0
2020-10-24,8824802,6942001.0,252951,72192.0,969.0,27344.0,1629850.0
2020-10-25,8877680,6964282.0,253787,52878.0,836.0,22281.0,1659611.0
2020-10-26,8939325,6991001.0,254861,61645.0,1074.0,26719.0,1693463.0
2020-10-27,9015443,7400558.0,256197,76118.0,1336.0,409557.0,1358688.0
2020-10-28,9099258,7453563.0,257459,83815.0,1262.0,53005.0,1388236.0
2020-10-29,9185923,7493957.0,258860,86665.0,1401.0,40394.0,1433106.0
2020-10-30,9267665,7544476.0,260226,81742.0,1366.0,50519.0,1462963.0
2020-10-31,9329093,7586874.0,261195,61428.0,969.0,42398.0,1481024.0
2020-11-01,9378212,7627245.0,261887,49119.0,692.0,40371.0,1489080.0
2020-11-02,9421341,7670177.0,262996,43129.0,1109.0,42932.0,1488168.0
2020-11-03,9477109,7714979.0,264309,55768.0,1313.0,44802.0,1497821.0
2020-11-04,9552605,7753906.0,265943,75496.0,1634.0,38927.0,1532756.0
2020-11-05,9628229,7781141.0,267360,75624.0,1417.0,27235.0,1579728.0
2020-11-06,9697160,7846170.0,268637,68931.0,1277.0,65029.0,1582353.0
2020-11-07,9756683,7892819.0,269621,59523.0,984.0,46649.0,1594243.0
2020-11-08,9801769,7924302.0,270474,45086.0,853.0,31483.0,1606993.0
2020-11-09,9849519,7962625.0,271645,47750.0,1171.0,38323.0,1615249.0
2020-11-10,9938827,8006050.0,272870,89308.0,1225.0,43425.0,1659907.0
2020-11-11,10011404,8061073.0,274397,72577.0,1527.0,55023.0,1675934.0
2020-11-12,10093398,8094153.0,276158,81994.0,1761.0,33080.0,1723087.0
2020-11-13,10179845,8140082.0,277656,86447.0,1498.0,45929.0,1762107.0
2020-11-14,10247292,8171000.0,279267,67447.0,1611.0,30918.0,1797025.0
2020-11-15,10294827,8196860.0,280055,47535.0,788.0,25860.0,1817912.0
2020-11-16,10346268,8279214.0,281370,51441.0,1315.0,82354.0,1785684.0
2020-11-17,10423483,8330760.0,283167,77215.0,1797.0,51546.0,1809556.0
2020-11-18,10503517,8382392.0,284889,80034.0,1722.0,51632.0,1836236.0
2020-11-19,10585886,8443190.0,286433,82369.0,1544.0,60798.0,1856263.0
2020-11-20,10669284,8498807.0,287925,83398.0,1492.0,55617.0,1882552.0
2020-11-21,10737904,8534184.0,289019,68620.0,1094.0,35377.0,1914701.0
2020-11-22,10786959,8582788.0,289808,49055.0,789.0,48604.0,1914363.0
2020-11-23,10836772,8632884.0,291044,49813.0,1236.0,50096.0,1912844.0
2020-11-24,10909552,8691839.0,292798,72780.0,1754.0,58955.0,1924915.0
2020-11-25,10996589,8745285.0,294393,87037.0,1595.0,53446.0,1956911.0
2020-11-26,11080585,8799468.0,296191,83996.0,1798.0,54183.0,1984926.0
2020-11-27,11155421,8853977.0,297775,74836.0,1584.0,54509.0,2003669.0
2020-11-28,11244308,8883031.0,299088,88887.0,1313.0,29054.0,2062189.0
2020-11-29,11298257,8909110.0,300037,53949.0,949.0,26079.0,2089110.0
2020-11-30,11355495,8951310.0,301478,57238.0,1441.0,42200.0,2102707.0
2020-12-01,11445390,9093909.0,303159,89895.0,1681.0,142599.0,2048322.0
2020-12-02,11533357,9169266.0,304829,87967.0,1670.0,75357.0,2059262.0
2020-12-03,11625857,9229732.0,306557,92500.0,1728.0,60466.0,2089568.0
2020-12-04,11714271,9293870.0,308209,88414.0,1652.0,64138.0,2112192.0
2020-12-05,11789846,9359143.0,309635,75575.0,1426.0,65273.0,2121068.0
2020-12-06,11845730,9385207.0,310673,55884.0,1038.0,26064.0,2149850.0
2020-12-07,11903502,9442514.0,311942,57772.0,1269.0,57307.0,2149046.0
2020-12-08,11984539,9538271.0,313628,81037.0,1686.0,95757.0,2132640.0
2020-12-09,12076698,9567983.0,315335,92159.0,1707.0,29712.0,2193380.0
2020-12-10,12168999,9676811.0,317066,92301.0,1731.0,108828.0,2175122.0
2020-12-11,12257580,9743668.0,318554,88581.0,1488.0,66857.0,2195358.0
2020-12-12,12333983,9771940.0,319994,76403.0,1440.0,28272.0,2242049.0
2020-12-13,12388746,9858204.0,321044,54763.0,1050.0,86264.0,2209498.0
2020-12-14,12448802,9901111.0,322576,60056.0,1532.0,42907.0,2225115.0
2020-12-15,12532458,9976249.0,324511,83656.0,1935.0,75138.0,2231698.0
2020-12-16,12635440,10033620.0,326406,102982.0,1895.0,57371.0,2275414.0
2020-12-17,12741591,10122607.0,328549,106151.0,2143.0,88987.0,2290435.0
2020-12-18,12830116,10168681.0,330279,88525.0,1730.0,46074.0,2331156.0
2020-12-19,12910752,10259546.0,331623,80636.0,1344.0,90865.0,2319583.0
2020-12-20,12961246,10303106.0,332710,50494.0,1087.0,43560.0,2325430.0
2020-12-21,13018189,10393316.0,334223,56943.0,1513.0,90210.0,2290650.0
2020-12-22,13106734,10453085.0,336213,88545.0,1990.0,59769.0,2317436.0
2020-12-23,13187425,10490132.0,337936,80691.0,1723.0,37047.0,2359357.0
2020-12-24,13272867,10511460.0,339361,85442.0,1425.0,21328.0,2422046.0
2020-12-25,13325962,10530191.0,340418,53095.0,1057.0,18731.0,2455353.0
2020-12-26,13366055,10708628.0,341317,40093.0,899.0,178437.0,2316110.0
2020-12-27,13406580,10755009.0,342306,40525.0,989.0,46381.0,2309265.0
2020-12-28,13458818,10814684.0,343481,52238.0,1175.0,59675.0,2300653.0
2020-12-29,13551996,10881634.0,345617,93178.0,2136.0,66950.0,2324745.0
2020-12-30,13647129,10967527.0,347571,95133.0,1954.0,85893.0,2332031.0
2020-12-31,13737397,11020176.0,349260,90268.0,1689.0,52649.0,2367961.0
2021-01-01,13786220,11042173.0,350195,48823.0,935.0,21997.0,2393852.0
2021-01-02,13824948,11117176.0,350967,38728.0,772.0,75003.0,2356805.0
2021-01-03,13869727,11147336.0,351868,44779.0,901.0,30160.0,2370523.0
2021-01-04,13925521,11212350.0,353244,55794.0,1376.0,65014.0,2359927.0
2021-01-05,14021223,11282918.0,355241,95702.0,1997.0,70568.0,2383064.0
2021-01-06,14123384,11343616.0,357185,102161.0,1944.0,60698.0,2422583.0
2021-01-07,14253271,11421512.0,359408,129887.0,2223.0,77896.0,2472351.0
2021-01-08,14354350,11506168.0,361238,101079.0,1830.0,84656.0,2486944.0
2021-01-09,14440749,11599539.0,362871,86399.0,1633.0,93371.0,2478339.0
2021-01-10,14499094,11647389.0,363894,58345.0,1023.0,47850.0,2487811.0
2021-01-11,14560327,11711337.0,365086,61233.0,1192.0,63948.0,2483904.0
2021-01-12,14661539,11749413.0,366984,101212.0,1898.0,38076.0,2545142.0
2021-01-13,14758952,11837414.0,368902,97413.0,1918.0,88001.0,2552636.0
2021-01-14,14868108,11921214.0,370710,109156.0,1808.0,83800.0,2576184.0
2021-01-15,14973619,11994599.0,372477,105511.0,1767.0,73385.0,2606543.0
2021-01-16,15063544,12069561.0,374004,89925.0,1527.0,74962.0,2619979.0
2021-01-17,15121369,12116313.0,375022,57825.0,1018.0,46752.0,2630034.0
2021-01-18,15179826,12202160.0,376528,58457.0,1506.0,85847.0,2601138.0
2021-01-19,15273836,12290552.0,378456,94010.0,1928.0,88392.0,2604828.0
2021-01-20,15373995,12319116.0,380400,100159.0,1944.0,28564.0,2674479.0
2021-01-21,15468908,12402469.0,382498,94913.0,2098.0,83353.0,2683941.0
2021-01-22,15559482,12501122.0,384313,90574.0,1815.0,98653.0,2674047.0
2021-01-23,15648036,12554665.0,386066,88554.0,1753.0,53543.0,2707305.0
2021-01-24,15699323,12622256.0,387179,51287.0,1113.0,67591.0,2689888.0
2021-01-25,15757257,12690655.0,388598,57934.0,1419.0,68399.0,2678004.0
2021-01-26,15848111,12743150.0,390427,90854.0,1829.0,52495.0,2714534.0
2021-01-27,15945465,12834342.0,392311,97354.0,1884.0,91192.0,2718812.0
2021-01-28,16038199,12874611.0,394526,92734.0,2215.0,40269.0,2769062.0
2021-01-29,16129743,12985706.0,396231,91544.0,1705.0,111095.0,2747806.0
2021-01-30,16209462,13090766.0,397978,79719.0,1747.0,105060.0,2720718.0
2021-01-31,16259609,13140965.0,398964,50147.0,986.0,50199.0,2719680.0
2021-02-01,16313069,13189470.0,400398,53460.0,1434.0,48505.0,2723201.0
2021-02-02,16396905,13266887.0,402240,83836.0,1842.0,77417.0,2727778.0
2021-02-03,16480022,13342410.0,403947,83117.0,1707.0,75523.0,2733665.0
2021-02-04,16566169,13419654.0,405908,86147.0,1961.0,77244.0,2740607.0
2021-02-05,16646282,13472054.0,407830,80113.0,1922.0,52400.0,2766398.0
2021-02-06,16717354,13526178.0,409241,71072.0,1411.0,54124.0,2781935.0
2021-02-07,16762436,13583033.0,410101,45082.0,860.0,56855.0,2769302.0
2021-02-08,16812587,13614420.0,411517,50151.0,1416.0,31387.0,2786650.0
2021-02-09,16887399,13731518.0,413400,74812.0,1883.0,117098.0,2742481.0
2021-02-10,16974776,13790060.0,415252,87377.0,1852.0,58542.0,2769464.0
2021-02-11,17054827,13832862.0,417374,80051.0,2122.0,42802.0,2804591.0
2021-02-12,17130624,13908938.0,419152,75797.0,1778.0,76076.0,2802534.0
2021-02-13,17197743,13977245.0,420676,67119.0,1524.0,68307.0,2799822.0
2021-02-14,17246675,14018640.0,421658,48932.0,982.0,41395.0,2806377.0
2021-02-15,17290708,14094305.0,422727,44033.0,1069.0,75665.0,2773676.0
2021-02-16,17375627,14137820.0,424249,84919.0,1522.0,43515.0,2813558.0
2021-02-17,17445594,14241684.0,425901,69967.0,1652.0,103864.0,2778009.0
2021-02-18,17527838,14290860.0,428042,82244.0,2141.0,49176.0,2808936.0
2021-02-19,17607927,14336366.0,429878,80089.0,1836.0,45506.0,2841683.0
2021-02-20,17683692,14435522.0,431288,75765.0,1410.0,99156.0,2816882.0
2021-02-21,17732141,14475918.0,432207,48449.0,919.0,40396.0,2824016.0
2021-02-22,17788005,14506667.0,433491,55864.0,1284.0,30749.0,2847847.0
2021-02-23,17875720,14607046.0,435302,87715.0,1811.0,100379.0,2833372.0
2021-02-24,17968199,14648181.0,437184,92479.0,1882.0,41135.0,2882834.0
2021-02-25,18068327,14716597.0,439315,100128.0,2131.0,68416.0,2912415.0
2021-02-26,18157313,14779173.0,441078,88986.0,1763.0,62576.0,2937062.0
2021-02-27,18239754,14859742.0,442656,82441.0,1578.0,80569.0,2937356.0
2021-02-28,18290861,14887090.0,443711,51107.0,1055.0,27348.0,2960060.0
2021-03-01,18356223,14961028.0,445018,65362.0,1307.0,73938.0,2950177.0
2021-03-02,18441478,15047655.0,447222,85255.0,2204.0,86627.0,2946601.0
2021-03-03,18542348,15106559.0,449601,100870.0,2379.0,58904.0,2986188.0
2021-03-04,18648272,15184380.0,452067,105924.0,2466.0,77821.0,3011825.0
2021-03-05,18752175,15244477.0,454257,103903.0,2190.0,60097.0,3053441.0
2021-03-06,18843685,15301276.0,456086,91510.0,1829.0,56799.0,3086323.0
2021-03-07,18945320,15372179.0,457417,101635.0,1331.0,70903.0,3115724.0
2021-03-08,19010235,15479294.0,459341,64915.0,1924.0,107115.0,3071600.0
2021-03-09,19109752,15551891.0,461793,99517.0,2452.0,72597.0,3096068.0
2021-03-10,19221134,15614783.0,464588,111382.0,2795.0,62892.0,3141763.0
2021-03-11,19337191,15699613.0,467401,116057.0,2813.0,84830.0,3170177.0
2021-03-12,19455176,15777856.0,470015,117985.0,2614.0,78243.0,3207305.0
2021-03-13,19555326,15841890.0,472357,100150.0,2342.0,64034.0,3241079.0
2021-03-14,19622096,15889277.0,473744,66770.0,1387.0,47387.0,3259075.0
2021-03-15,19698994,15993689.0,475936,76898.0,2192.0,104412.0,3229369.0
2021-03-16,19819281,16080002.0,479363,120287.0,3427.0,86313.0,3259916.0
2021-03-17,19945197,16165600.0,482588,125916.0,3225.0,85598.0,3297009.0
2021-03-18,20075030,16245277.0,485993,129833.0,3405.0,79677.0,3343760.0
2021-03-19,20204571,16319669.0,489201,129541.0,3208.0,74392.0,3395701.0
2021-03-20,20308649,16382122.0,491893,104078.0,2692.0,62453.0,3434634.0
2021-03-21,20389601,16436836.0,493511,80952.0,1618.0,54714.0,3459254.0
2021-03-22,20484863,16565615.0,495878,95262.0,2367.0,128779.0,3423370.0
2021-03-23,20611000,16643405.0,499603,126137.0,3725.0,77790.0,3467992.0
2021-03-24,20746097,16752915.0,502416,135097.0,2813.0,109510.0,3490766.0
2021-03-25,20890340,16837255.0,505751,144243.0,3335.0,84340.0,3547334.0
2021-03-26,21030448,16941649.0,509972,140108.0,4221.0,104394.0,3578827.0
2021-03-27,21155793,17029919.0,513842,125345.0,3870.0,88270.0,3612032.0
2021-03-28,21239628,17109377.0,515864,83835.0,2022.0,79458.0,3614387.0
2021-03-29,21335065,17158970.0,519023,95437.0,3159.0,49593.0,3657072.0
2021-03-30,21467770,17252426.0,523363,132705.0,4340.0,93456.0,3691981.0
2021-03-31,21613605,17377442.0,527922,145835.0,4559.0,125016.0,3708241.0
2021-04-01,21769185,17465875.0,532467,155580.0,4545.0,88433.0,3770843.0
2021-04-02,21889747,17534807.0,535903,120562.0,3436.0,68932.0,3819037.0
2021-04-03,21976495,17616771.0,538335,86748.0,2432.0,81964.0,3821389.0
2021-04-04,22051205,17661923.0,540114,74710.0,1779.0,45152.0,3849168.0
2021-04-05,22144655,17760250.0,543028,93450.0,2914.0,98327.0,3841377.0
2021-04-06,22286256,17838400.0,547737,141601.0,4709.0,78150.0,3900119.0
2021-04-07,22442077,18016852.0,552305,155821.0,4568.0,178452.0,3872920.0
2021-04-08,22603943,18131106.0,557541,161866.0,5236.0,114254.0,3915296.0
2021-04-09,22763535,18224258.0,562193,159592.0,4652.0,93152.0,3977084.0
2021-04-10,22888106,18277441.0,565333,124571.0,3140.0,53183.0,4045332.0
2021-04-11,22976538,18454298.0,567808,88432.0,2475.0,176857.0,3954432.0
2021-04-12,23075512,18507473.0,570554,98974.0,2746.0,53175.0,3997485.0
2021-04-13,23221331,18633342.0,575041,145819.0,4487.0,125869.0,4012948.0
2021-04-14,23361312,18735399.0,579505,139981.0,4464.0,102057.0,4046408.0
2021-04-15,23497319,18835204.0,584171,136007.0,4666.0,99805.0,4077944.0
2021-04-16,23649719,18963456.0,588378,152400.0,4207.0,128252.0,4097885.0
2021-04-17,23773216,19056804.0,591833,123497.0,3455.0,93348.0,4124579.0
2021-04-18,23860525,19193181.0,593896,87309.0,2063.0,136377.0,4073448.0
2021-04-19,23953003,19288008.0,596711,92478.0,2815.0,94827.0,4068284.0
2021-04-20,24088272,19416935.0,600972,135269.0,4261.0,128927.0,4070365.0
2021-04-21,24225537,19474471.0,605013,137265.0,4041.0,57536.0,4146053.0
2021-04-22,24338025,19622034.0,608223,112488.0,3210.0,147563.0,4107768.0
2021-04-23,24474404,19729720.0,612562,136379.0,4339.0,107686.0,4132122.0
2021-04-24,24590985,19795527.0,616062,116581.0,3500.0,65807.0,4179396.0
2021-04-25,24667092,19847749.0,618028,76107.0,1966.0,52222.0,4201315.0
2021-04-26,24748406,19991053.0,620668,81314.0,2640.0,143304.0,4136685.0
2021-04-27,24879336,20149608.0,624762,130930.0,4094.0,158555.0,4104966.0
2021-04-28,25012788,20232014.0,628649,133452.0,3887.0,82406.0,4152125.0
2021-04-29,25145927,20373903.0,632962,133139.0,4313.0,141889.0,4139062.0
2021-04-30,25273135,20470744.0,636662,127208.0,3700.0,96841.0,4165729.0
2021-05-01,25376214,20545737.0,639582,103079.0,2920.0,74993.0,4190895.0
2021-05-02,25441142,20645958.0,641386,64928.0,1804.0,100221.0,4153798.0
2021-05-03,25521768,20740261.0,643473,80626.0,2087.0,94303.0,4138034.0
2021-05-04,25640674,20816485.0,647394,118906.0,3921.0,76224.0,4176795.0
2021-05-05,25770116,20940108.0,651302,129442.0,3908.0,123623.0,4178706.0
2021-05-06,25901683,21017236.0,654798,131567.0,3496.0,77128.0,4229649.0
2021-05-07,26029644,21171307.0,658020,127961.0,3222.0,154071.0,4200317.0
2021-05-08,26137575,21235212.0,660639,107931.0,2619.0,63905.0,4241724.0
2021-05-09,26202888,21307251.0,662183,65313.0,1544.0,72039.0,4233454.0
2021-05-10,26280201,21370805.0,664334,77313.0,2151.0,63554.0,4245062.0
2021-05-11,26398322,21520154.0,667442,118121.0,3108.0,149349.0,4210726.0
2021-05-12,26523778,21588209.0,670869,125456.0,3427.0,68055.0,4264700.0
2021-05-13,26656181,21670536.0,674008,132403.0,3139.0,82327.0,4311637.0
2021-05-14,26786058,21749552.0,677224,129877.0,3216.0,79016.0,4359282.0
2021-05-15,26896874,21796134.0,679905,110816.0,2681.0,46582.0,4420835.0
2021-05-16,26972498,21886304.0,681554,75624.0,1649.0,90170.0,4404640.0
2021-05-17,27058452,22019376.0,683651,85954.0,2097.0,133072.0,4355425.0
2021-05-18,27189063,22157653.0,687144,130611.0,3493.0,138277.0,4344266.0
2021-05-19,27334248,22280326.0,690488,145185.0,3344.0,122673.0,4363434.0
2021-05-20,27481283,22360244.0,693900,147035.0,3412.0,79918.0,4427139.0
2021-05-21,27621145,22425996.0,697165,139862.0,3265.0,65752.0,4497984.0
2021-05-22,27745797,22494480.0,699542,124652.0,2377.0,68484.0,4551775.0
2021-05-23,27832003,22535706.0,701208,86206.0,1666.0,41226.0,4595089.0
2021-05-24,27909943,22635153.0,702748,77940.0,1540.0,99447.0,4572042.0
2021-05-25,28031662,22719349.0,705978,121719.0,3230.0,84196.0,4606335.0
2021-05-26,28170181,22800302.0,709354,138519.0,3376.0,80953.0,4660525.0
2021-05-27,28302900,23039891.0,712480,132719.0,3126.0,239589.0,4550529.0
2021-05-28,28422333,23125664.0,715834,119433.0,3354.0,85773.0,4580835.0
2021-05-29,28552186,23181806.0,718536,129853.0,2702.0,56142.0,4651844.0
2021-05-30,28635597,23273897.0,720110,83411.0,1574.0,92091.0,4641590.0
2021-05-31,28722401,23370879.0,722175,86804.0,2065.0,96982.0,4629347.0
2021-06-01,28856611,23529899.0,725541,134210.0,3366.0,159020.0,4601171.0
2021-06-02,29009533,23644290.0,729007,152922.0,3466.0,114391.0,4636236.0
2021-06-03,29141411,23691744.0,732041,131878.0,3034.0,47454.0,4717626.0
2021-06-04,29238748,23841046.0,734165,97337.0,2124.0,149302.0,4663537.0
2021-06-05,29345256,23966397.0,736660,106508.0,2495.0,125351.0,4642199.0
2021-06-06,29420457,24071060.0,738233,75201.0,1573.0,104663.0,4611164.0
2021-06-07,29500882,24139114.0,740492,80425.0,2259.0,68054.0,4621276.0
2021-06-08,29610123,24220822.0,744342,109241.0,3850.0,81708.0,4644959.0
2021-06-09,29741323,24358690.0,747584,131200.0,3242.0,137868.0,4635049.0
2021-06-10,29886998,24467642.0,751315,145675.0,3731.0,108952.0,4668041.0
2021-06-11,30018878,24561006.0,754501,131880.0,3186.0,93364.0,4703371.0
2021-06-12,30131884,24619018.0,757342,113006.0,2841.0,58012.0,4755524.0
2021-06-13,30199540,24791930.0,759126,67656.0,1784.0,172912.0,4648484.0
2021-06-14,30283170,24860223.0,761289,83630.0,2163.0,68293.0,4661658.0
2021-06-15,30414529,24998490.0,765005,131359.0,3716.0,138267.0,4651034.0
2021-06-16,30543675,25088061.0,768746,129146.0,3741.0,89571.0,4686868.0
2021-06-17,30667395,25224487.0,772247,123720.0,3501.0,136426.0,4670661.0
2021-06-18,30800504,25290383.0,775532,133109.0,3285.0,65896.0,4734589.0
2021-06-19,30913655,25390460.0,778800,113151.0,3268.0,100077.0,4744395.0
2021-06-20,30984244,25427650.0,780544,70589.0,1744.0,37190.0,4776050.0
2021-06-21,31057756,25539077.0,782536,73512.0,1992.0,111427.0,4736143.0
2021-06-22,31219821,25614687.0,785803,162065.0,3267.0,75610.0,4819331.0
2021-06-23,31342557,25793049.0,789147,122736.0,3344.0,178362.0,4760361.0
2021-06-24,31463907,25863268.0,792056,121350.0,2909.0,70219.0,4808583.0
2021-06-25,31583815,25959399.0,795150,119908.0,3094.0,96131.0,4829266.0
2021-06-26,31679814,26043374.0,797421,95999.0,2271.0,83975.0,4839019.0
2021-06-27,31739232,26089061.0,798791,59418.0,1370.0,45687.0,4851380.0
2021-06-28,31812887,26204817.0,800590,73655.0,1799.0,115756.0,4807480.0
2021-06-29,31922581,26273108.0,803431,109694.0,2841.0,68291.0,4846042.0
2021-06-30,32012865,26325571.0,806544,90284.0,3113.0,52463.0,4880750.0
2021-07-01,32117741,26537104.0,809405,104876.0,2861.0,211533.0,4771232.0
2021-07-02,32224903,26606384.0,812509,107162.0,3104.0,69280.0,4806010.0
2021-07-03,32310697,26656744.0,814846,85794.0,2337.0,50360.0,4839107.0
2021-07-04,32364884,26749008.0,816434,54187.0,1588.0,92264.0,4799442.0
2021-07-05,32436127,26879106.0,818454,71243.0,2020.0,130098.0,4738567.0
2021-07-06,32543751,26975676.0,821118,107624.0,2664.0,96570.0,4746957.0
2021-07-07,32643491,27029001.0,823630,99740.0,2512.0,53325.0,4790860.0
2021-07-08,32745460,27100106.0,826478,101969.0,2848.0,71105.0,4818876.0
2021-07-09,32844277,27160554.0,828758,98817.0,2280.0,60448.0,4854965.0
2021-07-10,32923509,27357447.0,830860,79232.0,2102.0,196893.0,4735202.0
2021-07-11,32974490,27409766.0,832290,50981.0,1430.0,52319.0,4732434.0
2021-07-12,33043988,27459533.0,834190,69498.0,1900.0,49767.0,4750265.0
2021-07-13,33137956,27512419.0,836758,93968.0,2568.0,52886.0,4788779.0
2021-07-14,33241981,27632130.0,839449,104025.0,2691.0,119711.0,4770402.0
2021-07-15,33348923,27687673.0,842312,106942.0,2863.0,55543.0,4818938.0
2021-07-16,33437859,27832702.0,844829,88936.0,2517.0,145029.0,4760328.0
2021-07-17,33522897,27870633.0,847054,85038.0,2225.0,37931.0,4805210.0
2021-07-18,33569984,27954612.0,848356,47087.0,1302.0,83979.0,4767016.0
2021-07-19,33635047,28004534.0,850185,65063.0,1829.0,49922.0,4780328.0
2021-07-20,33706778,28087384.0,852629,71731.0,2444.0,82850.0,4766765.0
2021-07-21,33799832,28153252.0,855086,93054.0,2457.0,65868.0,4791494.0
2021-07-22,33890667,28262283.0,857640,90835.0,2554.0,109031.0,4770744.0
2021-07-23,34034126,28303175.0,859955,143459.0,2315.0,40892.0,4870996.0
2021-07-24,34101089,28520663.0,861971,66963.0,2016.0,217488.0,4718455.0
2021-07-25,34149908,28600233.0,863358,48819.0,1387.0,79570.0,4686317.0
2021-07-26,34220455,28640811.0,865368,70547.0,2010.0,40578.0,4714276.0
2021-07-27,34310398,28687707.0,867725,89943.0,2357.0,46896.0,4754966.0
2021-07-28,34406378,28747779.0,870402,95980.0,2677.0,60072.0,4788197.0
2021-07-29,34498498,28822760.0,872963,92120.0,2561.0,74981.0,4802775.0
2021-07-30,34582155,28859656.0,875152,83657.0,2189.0,36896.0,4847347.0
2021-07-31,34650742,28897786.0,877080,68587.0,1928.0,38130.0,4875876.0
2021-08-01,34702610,28933798.0,878390,51868.0,1310.0,36012.0,4890422.0
2021-08-02,34772778,28975344.0,880132,70168.0,1742.0,41546.0,4917302.0
2021-08-03,34851793,29012800.0,882507,79015.0,2375.0,37456.0,4956486.0
2021-08-04,34935765,29049803.0,884631,83972.0,2124.0,37003.0,5001331.0
2021-08-05,35025967,0.0,886943,90202.0,2312.0,0.0,34139024.0
2021-08-06,35110945,0.0,888826,84978.0,1883.0,0.0,34222119.0
2021-08-07,35180832,0.0,890622,69887.0,1796.0,0.0,34290210.0
2021-08-08,35222154,0.0,891845,41322.0,1223.0,0.0,34330309.0
2021-08-09,35287731,0.0,893745,65577.0,1900.0,0.0,34393986.0
2021-08-10,35366576,0.0,895876,78845.0,2131.0,0.0,34470700.0
2021-08-11,35443722,0.0,897857,77146.0,1981.0,0.0,34545865.0
2021-08-12,35527409,0.0,899854,83687.0,1997.0,0.0,34627555.0
2021-08-13,35596540,0.0,901628,69131.0,1774.0,0.0,34694912.0
2021-08-14,35653859,0.0,903197,57319.0,1569.0,0.0,34750662.0
2021-08-15,35691705,0.0,904272,37846.0,1075.0,0.0,34787433.0
2021-08-16,35747704,0.0,905381,55999.0,1109.0,0.0,34842323.0
2021-08-17,35821150,0.0,907358,73446.0,1977.0,0.0,34913792.0
2021-08-18,35900925,0.0,909136,79775.0,1778.0,0.0,34991789.0
2021-08-19,35978448,0.0,910939,77523.0,1803.0,0.0,35067509.0
2021-08-20,36049999,0.0,912570,71551.0,1631.0,0.0,35137429.0
2021-08-21,36102199,0.0,913783,52200.0,1213.0,0.0,35188416.0
2021-08-22,36137449,0.0,914706,35250.0,923.0,0.0,35222743.0
2021-08-23,36195314,0.0,916016,57865.0,1310.0,0.0,35279298.0
2021-08-24,36260570,0.0,917515,65256.0,1499.0,0.0,35343055.0
2021-08-25,36326637,0.0,919040,66067.0,1525.0,0.0,35407597.0
2021-08-26,36396496,0.0,920577,69859.0,1537.0,0.0,35475919.0
2021-08-27,36458794,0.0,922025,62298.0,1448.0,0.0,35536769.0
2021-08-28,36507684,0.0,923112,48890.0,1087.0,0.0,35584572.0
2021-08-29,36541596,0.0,923858,33912.0,746.0,0.0,35617738.0
2021-08-30,36594860,0.0,924988,53264.0,1130.0,0.0,35669872.0
2021-08-31,36654215,0.0,926513,59355.0,1525.0,0.0,35727702.0
2021-09-01,36718306,0.0,927882,64091.0,1369.0,0.0,35790424.0
2021-09-02,36780952,0.0,929430,62646.0,1548.0,0.0,35851522.0
2021-09-03,36838520,0.0,930770,57568.0,1340.0,0.0,35907750.0
2021-09-04,36881389,0.0,931871,42869.0,1101.0,0.0,35949518.0
2021-09-05,36915036,0.0,932560,33647.0,689.0,0.0,35982476.0
2021-09-06,36954544,0.0,933433,39508.0,873.0,0.0,36021111.0
2021-09-07,37002018,0.0,934457,47474.0,1024.0,0.0,36067561.0
2021-09-08,37046568,0.0,935214,44550.0,757.0,0.0,36111354.0
2021-09-09,37109027,0.0,936604,62459.0,1390.0,0.0,36172423.0
2021-09-10,37162283,0.0,937919,53256.0,1315.0,0.0,36224364.0
2021-09-11,37193721,0.0,938938,31438.0,1019.0,0.0,36254783.0
2021-09-12,37218622,0.0,939609,24901.0,671.0,0.0,36279013.0
2021-09-13,37267935,0.0,940754,49313.0,1145.0,0.0,36327181.0
2021-09-14,37310834,0.0,942016,42899.0,1262.0,0.0,36368818.0
2021-09-15,37353727,0.0,943390,42893.0,1374.0,0.0,36410337.0
2021-09-16,37425689,0.0,944672,71962.0,1282.0,0.0,36481017.0
2021-09-17,37489485,0.0,945986,63796.0,1314.0,0.0,36543499.0
2021-09-18,37631302,0.0,946910,141817.0,924.0,0.0,36684392.0
2021-09-19,37654858,0.0,947471,23556.0,561.0,0.0,36707387.0
2021-09-20,37703649,0.0,948436,48791.0,965.0,0.0,36755213.0
2021-09-21,37742569,0.0,949562,38920.0,1126.0,0.0,36793007.0
2021-09-22,37802579,0.0,950709,60010.0,1147.0,0.0,36851870.0
2021-09-23,37855942,0.0,951907,53363.0,1198.0,0.0,36904035.0
2021-09-24,37902503,0.0,953074,46561.0,1167.0,0.0,36949429.0
2021-09-25,37933503,0.0,953888,31000.0,814.0,0.0,36979615.0
2021-09-26,37957708,0.0,954445,24205.0,557.0,0.0,37003263.0
2021-09-27,38002167,0.0,955262,44459.0,817.0,0.0,37046905.0
2021-09-28,38044123,0.0,956582,41956.0,1320.0,0.0,37087541.0
2021-09-29,38096406,0.0,957875,52283.0,1293.0,0.0,37138531.0
2021-09-30,38144400,0.0,958925,47994.0,1050.0,0.0,37185475.0
2021-10-01,38189929,0.0,959878,45529.0,953.0,0.0,37230051.0
2021-10-02,38218148,0.0,960581,28219.0,703.0,0.0,37257567.0
2021-10-03,38241931,0.0,961052,23783.0,471.0,0.0,37280879.0
2021-10-04,38283442,0.0,961847,41511.0,795.0,0.0,37321595.0
2021-10-05,38329176,0.0,962997,45734.0,1150.0,0.0,37366179.0
2021-10-06,38377673,0.0,964084,48497.0,1087.0,0.0,37413589.0
2021-10-07,38416655,0.0,965120,38982.0,1036.0,0.0,37451535.0
2021-10-08,38460540,0.0,965922,43885.0,802.0,0.0,37494618.0
2021-10-09,38492259,0.0,966592,31719.0,670.0,0.0,37525667.0
2021-10-10,38515934,0.0,966982,23675.0,390.0,0.0,37548952.0
2021-10-11,38546601,0.0,967679,30667.0,697.0,0.0,37578922.0
2021-10-12,38581436,0.0,968343,34835.0,664.0,0.0,37613093.0
2021-10-13,38620735,0.0,969055,39299.0,712.0,0.0,37651680.0
2021-10-14,38664411,0.0,970056,43676.0,1001.0,0.0,37694355.0
2021-10-15,38708277,0.0,970980,43866.0,924.0,0.0,37737297.0
2021-10-16,38735596,0.0,971669,27319.0,689.0,0.0,37763927.0
2021-10-17,38761083,0.0,972067,25487.0,398.0,0.0,37789016.0
2021-10-18,38808016,0.0,972926,46933.0,859.0,0.0,37835090.0
2021-10-19,38850683,0.0,973824,42667.0,898.0,0.0,37876859.0
2021-10-20,38900632,0.0,974624,49949.0,800.0,0.0,37926008.0
2021-10-21,38952887,0.0,975496,52255.0,872.0,0.0,37977391.0
2021-10-22,39000057,0.0,976397,47170.0,901.0,0.0,38023660.0
2021-10-23,39035659,0.0,976990,35602.0,593.0,0.0,38058669.0
2021-10-24,39059659,0.0,977323,24000.0,333.0,0.0,38082336.0
2021-10-25,39110102,0.0,978156,50443.0,833.0,0.0,38131946.0
2021-10-26,39155961,0.0,978982,45859.0,826.0,0.0,38176979.0
2021-10-27,39214058,0.0,979972,58097.0,990.0,0.0,38234086.0
2021-10-28,39265728,0.0,980808,51670.0,836.0,0.0,38284920.0
2021-10-29,39316364,0.0,981643,50636.0,835.0,0.0,38334721.0
2021-10-30,39351014,0.0,982122,34650.0,479.0,0.0,38368892.0
2021-10-31,39378012,0.0,982539,26998.0,417.0,0.0,38395473.0
2021-11-01,39409435,0.0,983353,31423.0,814.0,0.0,38426082.0
2021-11-02,39441957,0.0,983934,32522.0,581.0,0.0,38458023.0
2021-11-03,39522135,0.0,984656,80178.0,722.0,0.0,38537479.0
2021-11-04,39578157,0.0,985561,56022.0,905.0,0.0,38592596.0
2021-11-05,39629553,0.0,986385,51396.0,824.0,0.0,38643168.0
2021-11-06,39679763,0.0,987004,50210.0,619.0,0.0,38692759.0
2021-11-07,39710175,0.0,987358,30412.0,354.0,0.0,38722817.0
2021-11-08,39774052,0.0,988265,63877.0,907.0,0.0,38785787.0
2021-11-09,39814347,0.0,988902,40295.0,637.0,0.0,38825445.0
2021-11-10,39889512,0.0,989750,75165.0,848.0,0.0,38899762.0
2021-11-11,39939177,0.0,990479,49665.0,729.0,0.0,38948698.0
2021-11-12,40009864,0.0,991659,70687.0,1180.0,0.0,39018205.0
2021-11-13,40047783,0.0,992228,37919.0,569.0,0.0,39055555.0
2021-11-14,40078193,0.0,992580,30410.0,352.0,0.0,39085613.0
2021-11-15,40140590,0.0,993404,62397.0,824.0,0.0,39147186.0
2021-11-16,40189179,0.0,994074,48589.0,670.0,0.0,39195105.0
2021-11-17,40255239,0.0,994951,66060.0,877.0,0.0,39260288.0
2021-11-18,40319359,0.0,995716,64120.0,765.0,0.0,39323643.0
2021-11-19,40387778,0.0,996406,68419.0,690.0,0.0,39391372.0
2021-11-20,40427061,0.0,996864,39283.0,458.0,0.0,39430197.0
2021-11-21,40459060,0.0,997204,31999.0,340.0,0.0,39461856.0
2021-11-22,40538467,0.0,998037,79407.0,833.0,0.0,39540430.0
2021-11-23,40591048,0.0,998833,52581.0,796.0,0.0,39592215.0
2021-11-24,40661446,0.0,999585,70398.0,752.0,0.0,39661861.0
2021-11-25,40730811,0.0,1000356,69365.0,771.0,0.0,39730455.0
2021-11-26,40796068,0.0,1001120,65257.0,764.0,0.0,39794948.0
2021-11-27,40830294,0.0,1001639,34226.0,519.0,0.0,39828655.0
2021-11-28,40857674,0.0,1001985,27380.0,346.0,0.0,39855689.0
2021-11-29,40936131,0.0,1002789,78457.0,804.0,0.0,39933342.0
2021-11-30,40989344,0.0,1003566,53213.0,777.0,0.0,39985778.0
2021-12-01,41051423,0.0,1004296,62079.0,730.0,0.0,40047127.0
2021-12-02,41115489,0.0,1004962,64066.0,666.0,0.0,40110527.0
2021-12-03,41171291,0.0,1005649,55802.0,687.0,0.0,40165642.0
2021-12-04,41201524,0.0,1006028,30233.0,379.0,0.0,40195496.0
2021-12-05,41224416,0.0,1006331,22892.0,303.0,0.0,40218085.0
2021-12-06,41295806,0.0,1007184,71390.0,853.0,0.0,40288622.0
2021-12-07,41339698,0.0,1007869,43892.0,685.0,0.0,40331829.0
2021-12-08,41390731,0.0,1008516,51033.0,647.0,0.0,40382215.0
2021-12-09,41440465,0.0,1009104,49734.0,588.0,0.0,40431361.0
2021-12-10,41484233,0.0,1009714,43768.0,610.0,0.0,40474519.0
2021-12-11,41511484,0.0,1010038,27251.0,324.0,0.0,40501446.0
2021-12-12,41530217,0.0,1010337,18733.0,299.0,0.0,40519880.0
2021-12-13,41583468,0.0,1010800,53251.0,463.0,0.0,40572668.0
2021-12-14,41626156,0.0,1011484,42688.0,684.0,0.0,40614672.0
2021-12-15,41672707,0.0,1012158,46551.0,674.0,0.0,40660549.0
2021-12-16,41708859,0.0,1012630,36152.0,472.0,0.0,40696229.0
2021-12-17,41755462,0.0,1013198,46603.0,568.0,0.0,40742264.0
2021-12-18,41795089,0.0,1013669,39627.0,471.0,0.0,40781420.0
2021-12-19,41820751,0.0,1013884,25662.0,215.0,0.0,40806867.0
2021-12-20,41881531,0.0,1014444,60780.0,560.0,0.0,40867087.0
2021-12-21,41929100,0.0,1014865,47569.0,421.0,0.0,40914235.0
2021-12-22,41987379,0.0,1015276,58279.0,411.0,0.0,40972103.0
2021-12-23,42064994,0.0,1015777,77615.0,501.0,0.0,41049217.0
2021-12-24,42143431,0.0,1016253,78437.0,476.0,0.0,41127178.0
2021-12-25,42191837,0.0,1016451,48406.0,198.0,0.0,41175386.0
2021-12-26,42241450,0.0,1016684,49613.0,233.0,0.0,41224766.0
2021-12-27,42332885,0.0,1017102,91435.0,418.0,0.0,41315783.0
2021-12-28,42450569,0.0,1017589,117684.0,487.0,0.0,41432980.0
2021-12-29,42613892,0.0,1018129,163323.0,540.0,0.0,41595763.0
2021-12-30,42797516,0.0,1018656,183624.0,527.0,0.0,41778860.0
2021-12-31,42971125,0.0,1019077,173609.0,421.0,0.0,41952048.0
2022-01-01,43077682,0.0,1019290,106557.0,213.0,0.0,42058392.0
2022-01-02,43182856,0.0,1019565,105174.0,275.0,0.0,42163291.0
2022-01-03,43374600,0.0,1019991,191744.0,426.0,0.0,42354609.0
2022-01-04,43644957,0.0,1020669,270357.0,678.0,0.0,42624288.0
2022-01-05,43945422,0.0,1021107,300465.0,438.0,0.0,42924315.0
2022-01-06,44288095,0.0,1021554,342673.0,447.0,0.0,43266541.0
2022-01-07,44673770,0.0,1022136,385675.0,582.0,0.0,43651634.0
2022-01-08,45007570,0.0,1022570,333800.0,434.0,0.0,43985000.0
2022-01-09,45244325,0.0,1023190,236755.0,620.0,0.0,44221135.0
2022-01-10,45624527,0.0,1023906,380202.0,716.0,0.0,44600621.0
2022-01-11,46021301,0.0,1024589,396774.0,683.0,0.0,44996712.0
2022-01-12,46548732,0.0,1025278,527431.0,689.0,0.0,45523454.0
2022-01-13,46985926,0.0,1026071,437194.0,793.0,0.0,45959855.0
2022-01-14,47493389,0.0,1026909,507463.0,838.0,0.0,46466480.0
2022-01-15,47813336,0.0,1027539,319947.0,630.0,0.0,46785797.0
2022-01-16,48051621,0.0,1027996,238285.0,457.0,0.0,47023625.0
2022-01-17,48491036,0.0,1029034,439415.0,1038.0,0.0,47462002.0
2022-01-18,48963282,0.0,1030104,472246.0,1070.0,0.0,47933178.0
2022-01-19,49518266,0.0,1031197,554984.0,1093.0,0.0,48487069.0
2022-01-20,50051320,0.0,1032388,533054.0,1191.0,0.0,49018932.0
2022-01-21,50556181,0.0,1033487,504861.0,1099.0,0.0,49522694.0
2022-01-22,50992408,0.0,1034309,436227.0,822.0,0.0,49958099.0
2022-01-23,51287868,0.0,1034751,295460.0,442.0,0.0,50253117.0
2022-01-24,51770146,0.0,1036049,482278.0,1298.0,0.0,50734097.0
2022-01-25,52300008,0.0,1037397,529862.0,1348.0,0.0,51262611.0
2022-01-26,52833697,0.0,1038770,533689.0,1373.0,0.0,51794927.0
2022-01-27,53432486,0.0,1040505,598789.0,1735.0,0.0,52391981.0
2022-01-28,54006154,0.0,1042156,573668.0,1651.0,0.0,52963998.0
2022-01-29,54416934,0.0,1043419,410780.0,1263.0,0.0,53373515.0
2022-01-30,54685195,0.0,1044165,268261.0,746.0,0.0,53641030.0
2022-01-31,55034745,0.0,1045689,349550.0,1524.0,0.0,53989056.0
2022-02-01,55440738,0.0,1047264,405993.0,1575.0,0.0,54393474.0
2022-02-02,55884222,0.0,1049109,443484.0,1845.0,0.0,54835113.0
2022-02-03,56427264,0.0,1051066,543042.0,1957.0,0.0,55376198.0
2022-02-04,56879586,0.0,1052910,452322.0,1844.0,0.0,55826676.0
2022-02-05,57208302,0.0,1054271,328716.0,1361.0,0.0,56154031.0
2022-02-06,57420080,0.0,1055102,211778.0,831.0,0.0,56364978.0
2022-02-07,57718273,0.0,1056670,298193.0,1568.0,0.0,56661603.0
2022-02-08,58088470,0.0,1058715,370197.0,2045.0,0.0,57029755.0
2022-02-09,58464599,0.0,1060814,376129.0,2099.0,0.0,57403785.0
2022-02-10,58836192,0.0,1062647,371593.0,1833.0,0.0,57773545.0
2022-02-11,59182132,0.0,1064542,345940.0,1895.0,0.0,58117590.0
2022-02-12,59471008,0.0,1065983,288876.0,1441.0,0.0,58405025.0
2022-02-13,59652211,0.0,1066728,181203.0,745.0,0.0,58585483.0
2022-02-14,59888426,0.0,1068309,236215.0,1581.0,0.0,58820117.0
2022-02-15,60162152,0.0,1070008,273726.0,1699.0,0.0,59092144.0
2022-02-16,60452260,0.0,1071748,290108.0,1740.0,0.0,59380512.0
2022-02-17,60741019,0.0,1073676,288759.0,1928.0,0.0,59667343.0
2022-02-18,61030359,0.0,1075571,289340.0,1895.0,0.0,59954788.0
2022-02-19,61233012,0.0,1076894,202653.0,1323.0,0.0,60156118.0
2022-02-20,61416730,0.0,1077787,183718.0,893.0,0.0,60338943.0
2022-02-21,61594593,0.0,1078932,177863.0,1145.0,0.0,60515661.0
2022-02-22,61829046,0.0,1080428,234453.0,1496.0,0.0,60748618.0
2022-02-23,62111422,0.0,1082012,282376.0,1584.0,0.0,61029410.0
2022-02-24,62353695,0.0,1083657,242273.0,1645.0,0.0,61270038.0
2022-02-25,62587003,0.0,1085115,233308.0,1458.0,0.0,61501888.0
2022-02-26,62831052,0.0,1086288,244049.0,1173.0,0.0,61744764.0
2022-02-27,63006322,0.0,1087031,175270.0,743.0,0.0,61919291.0
2022-02-28,63189590,0.0,1087940,183268.0,909.0,0.0,62101650.0
2022-03-01,63346850,0.0,1088821,157260.0,881.0,0.0,62258029.0
2022-03-02,63597735,0.0,1089831,250885.0,1010.0,0.0,62507904.0
2022-03-03,63857269,0.0,1091298,259534.0,1467.0,0.0,62765971.0
2022-03-04,64129223,0.0,1092794,271954.0,1496.0,0.0,63036429.0
2022-03-05,64349876,0.0,1094112,220653.0,1318.0,0.0,63255764.0
2022-03-06,64493369,0.0,1094902,143493.0,790.0,0.0,63398467.0
2022-03-07,64679824,0.0,1095970,186455.0,1068.0,0.0,63583854.0
2022-03-08,64898060,0.0,1097121,218236.0,1151.0,0.0,63800939.0
2022-03-09,65099912,0.0,1098340,201852.0,1219.0,0.0,64001572.0
2022-03-10,65337641,0.0,1099795,237729.0,1455.0,0.0,64237846.0
2022-03-11,65559853,0.0,1100897,222212.0,1102.0,0.0,64458956.0
2022-03-12,65744957,0.0,1101873,185104.0,976.0,0.0,64643084.0
2022-03-13,65883592,0.0,1102514,138635.0,641.0,0.0,64781078.0
2022-03-14,66040359,0.0,1103433,156767.0,919.0,0.0,64936926.0
2022-03-15,66246966,0.0,1103966,206607.0,533.0,0.0,65143000.0
2022-03-16,66501752,0.0,1104873,254786.0,907.0,0.0,65396879.0
2022-03-17,66716184,0.0,1106014,214432.0,1141.0,0.0,65610170.0
2022-03-18,66929836,0.0,1107034,213652.0,1020.0,0.0,65822802.0
2022-03-19,67107687,0.0,1107837,177851.0,803.0,0.0,65999850.0
2022-03-20,67236085,0.0,1108375,128398.0,538.0,0.0,66127710.0
2022-03-21,67397400,0.0,1120464,161315.0,12089.0,0.0,66276936.0
2022-03-22,67587835,0.0,1121408,190435.0,944.0,0.0,66466427.0
2022-03-23,67805090,0.0,1122186,217255.0,778.0,0.0,66682904.0
2022-03-24,68003925,0.0,1123114,198835.0,928.0,0.0,66880811.0
2022-03-25,68173043,0.0,1123892,169118.0,778.0,0.0,67049151.0
2022-03-26,68311371,0.0,1124471,138328.0,579.0,0.0,67186900.0
2022-03-27,68398175,0.0,1124862,86804.0,391.0,0.0,67273313.0
2022-03-28,68563583,0.0,1125415,165408.0,553.0,0.0,67438168.0
2022-03-29,68713760,0.0,1126464,150177.0,1049.0,0.0,67587296.0
2022-03-30,68918754,0.0,1127135,204994.0,671.0,0.0,67791619.0
2022-03-31,69115629,0.0,1127920,196875.0,785.0,0.0,67987709.0
2022-04-01,69256519,0.0,1128883,140890.0,963.0,0.0,68127636.0
2022-04-02,69360229,0.0,1129277,103710.0,394.0,0.0,68230952.0
2022-04-03,69438594,0.0,1129551,78365.0,274.0,0.0,68309043.0
2022-04-04,69563340,0.0,1130069,124746.0,518.0,0.0,68433271.0
2022-04-05,69701338,0.0,1130576,137998.0,507.0,0.0,68570762.0
2022-04-06,69837127,0.0,1131076,135789.0,500.0,0.0,68706051.0
2022-04-07,69996852,0.0,1131756,159725.0,680.0,0.0,68865096.0
2022-04-08,70105316,0.0,1132148,108464.0,392.0,0.0,68973168.0
2022-04-09,70202990,0.0,1132481,97674.0,333.0,0.0,69070509.0
2022-04-10,70279759,0.0,1132664,76769.0,183.0,0.0,69147095.0
2022-04-11,70380613,0.0,1133051,100854.0,387.0,0.0,69247562.0
2022-04-12,70476760,0.0,1133436,96147.0,385.0,0.0,69343324.0
2022-04-13,70648497,0.0,1134050,171737.0,614.0,0.0,69514447.0
2022-04-14,70788002,0.0,1134638,139505.0,588.0,0.0,69653364.0
2022-04-15,70852068,0.0,1134938,64066.0,300.0,0.0,69717130.0
2022-04-16,70924642,0.0,1135171,72574.0,233.0,0.0,69789471.0
