time,date,S,E,I,R
0,1/22/20,7899999443,0,529,28
1,1/23/20,7899999343,0,627,30
2,1/24/20,7899998956,100,908,36
3,1/25/20,7899998176,387,1398,39
4,1/26/20,7899997000,880,2068,52
5,1/27/20,7899995508,1563,2868,61
6,1/28/20,7899992048,2372,5473,107
7,1/29/20,7899988908,4923,6043,126
8,1/30/20,7899986538,5225,8094,143
9,1/31/20,7899983273,6800,9705,222
10,2/1/20,7899980155,7807,11754,284
11,2/2/20,7899974104,9109,16315,472
12,2/3/20,7899968906,11207,19264,623
13,2/4/20,7899962383,13718,23047,852
14,2/5/20,7899956694,15662,26520,1124
15,2/6/20,7899951477,17717,29319,1487
16,2/7/20,7899946832,18768,32389,2011
17,2/8/20,7899945256,17613,34515,2616
18,2/9/20,7899942594,17244,36918,3244
19,2/10/20,7899940966,16263,38825,3946
20,2/11/20,7899940059,15127,40131,4683
21,2/12/20,7899940760,14008,40082,5150
22,2/13/20,7899928784,10832,54089,6295
23,2/14/20,7899909835,23253,58854,8058
24,2/15/20,7899904195,26750,59660,9395
25,2/16/20,7899902478,26284,60373,10865
26,2/17/20,7899900303,26424,60690,12583
27,2/18/20,7899896804,28041,60803,14352
28,2/19/20,7899909574,14771,59534,16121
29,2/20/20,7899915041,8743,58039,18177
30,2/21/20,7899915993,7161,57956,18890
31,2/22/20,7899915784,5608,55722,22886
32,2/23/20,7899915675,5335,55596,23394
33,2/24/20,7899916607,3835,54331,25227
34,2/25/20,7899915685,3903,52507,27905
35,2/26/20,7899914420,4196,51000,30384
36,2/27/20,7899912734,4538,49451,33277
37,2/28/20,7899911728,4120,47441,36711
38,2/29/20,7899908815,5162,46241,39782
39,3/1/20,7899905133,6465,45686,42716
40,3/2/20,7899901628,7990,44780,45602
41,3/3/20,7899898008,8998,44766,48228
42,3/4/20,7899894396,10266,44168,51170
43,3/5/20,7899890736,11186,44282,53796
44,3/6/20,7899885883,12055,46197,55865
45,3/7/20,7899880141,13660,47841,58358
46,3/8/20,7899874186,15817,49303,60694
47,3/9/20,7899868705,17003,51798,62494
48,3/10/20,7899861995,18954,54647,64404
49,3/11/20,7899852500,20973,59524,67003
50,3/12/20,7899842252,24465,64959,68324
51,3/13/20,7899826439,27084,76226,70251
52,3/14/20,7899806155,36480,84741,72624
53,3/15/20,7899788329,43073,92564,76034
54,3/16/20,7899767288,49547,105077,78088
55,3/17/20,7899745023,56638,117499,80840
56,3/18/20,7899719044,65056,132693,83207
57,3/19/20,7899687590,69423,158133,84854
58,3/20/20,7899641861,85622,185261,87256
59,3/21/20,7899591137,103919,213445,91499
60,3/22/20,7899539065,121779,241452,97704
61,3/23/20,7899477472,140817,283377,98334
62,3/24/20,7899410595,165811,314470,109123
63,3/25/20,7899344318,180607,352689,122385
64,3/26/20,7899261553,202558,397836,138052
65,3/27/20,7899169235,230945,445298,154521
66,3/28/20,7899069934,260664,496954,172447
67,3/29/20,7898986391,287691,538911,187006
68,3/30/20,7898906747,302324,587174,203754
69,3/31/20,7898814775,315854,645409,223961
70,4/1/20,7898710790,333482,709519,246208
71,4/2/20,7898605916,355908,770727,267448
72,4/3/20,7898508840,368774,833243,289142
73,4/4/20,7898421025,396468,877876,304630
74,4/5/20,7898354200,391578,931117,323104
75,4/6/20,7898286201,384851,986592,342355
76,4/7/20,7898228894,373220,1037771,360114
77,4/8/20,7898160228,359710,1098777,381284
78,4/9/20,7898075081,357676,1163499,403743
79,4/10/20,7897961599,384736,1227658,426006
80,4/11/20,7897871377,399443,1283719,445460
81,4/12/20,7897752007,400232,1371752,476008
82,4/13/20,7897630532,449875,1425079,494513
83,4/14/20,7897556243,439531,1487909,516316
84,4/15/20,7897480535,436983,1546006,536475
85,4/16/20,7897394233,428817,1616137,560812
86,4/17/20,7897287400,447770,1681378,583451
87,4/18/20,7897239849,417069,1739471,603610
88,4/19/20,7897157107,423489,1796132,623271
89,4/20/20,7897088936,415178,1852911,642974
90,4/21/20,7897014623,413404,1909397,662575
91,4/22/20,7896950966,395023,1970301,683709
92,4/23/20,7896874091,389181,2031709,705018
93,4/24/20,7896786063,393646,2093745,726545
94,4/25/20,7896695617,400887,2155515,747980
95,4/26/20,7896618099,407610,2208072,766218
96,4/27/20,7896552407,402318,2260770,784504
97,4/28/20,7896487629,391264,2317066,804040
98,4/29/20,7896417186,384379,2374474,823960
99,4/30/20,7896339769,378144,2436576,845510
100,5/1/20,7896250376,378591,2502608,868424
101,5/2/20,7896153963,396742,2560709,888585
102,5/3/20,7896072688,404020,2615643,907648
103,5/4/20,7895996886,402185,2673280,927648
104,5/5/20,7895916892,402494,2732437,948176
105,5/6/20,7895830437,398527,2799565,971470
106,5/7/20,7895739823,400003,2865740,994433
107,5/8/20,7895638464,410879,2932913,1017743
108,5/9/20,7895537635,427365,2995528,1039471
109,5/10/20,7895455706,434071,3051373,1058849
110,5/11/20,7895384027,429609,3107899,1078464
111,5/12/20,7895313028,415328,3171209,1100434
112,5/13/20,7895232538,411470,3233828,1122163
113,5/14/20,7895143031,405335,3304831,1146802
114,5/15/20,7895035830,416634,3376028,1171507
115,5/16/20,7894921261,437313,3445730,1195695
116,5/17/20,7894825149,455062,3503906,1215882
117,5/18/20,7894742934,448145,3570076,1238844
118,5/19/20,7894642332,452929,3641210,1263528
119,5/20/20,7894536733,453105,3719475,1290686
120,5/21/20,7894421239,462626,3798148,1317986
121,5/22/20,7894301814,474709,3877837,1345639
122,5/23/20,7894168685,503688,3955157,1372469
123,5/24/20,7894060451,518706,4024359,1396483
124,5/25/20,7893974830,516104,4089854,1419211
125,5/26/20,7893899668,498904,4158423,1443004
126,5/27/20,7893810723,485293,4234559,1469424
127,5/28/20,7893695516,480507,4323640,1500336
128,5/29/20,7893558237,496350,4413792,1531620
129,5/30/20,7893394974,524570,4514046,1566409
130,5/31/20,7893245294,571390,4590408,1592907
131,6/1/20,7893134532,581888,4664843,1618736
132,6/2/20,7893014183,579596,4755890,1650330
133,6/3/20,7892900319,582244,4838455,1678981
134,6/4/20,7892772309,572024,4941075,1714591
135,6/5/20,7892635716,575211,5040114,1748958
136,6/6/20,7892475840,605757,5136127,1782275
137,6/7/20,7892335762,634823,5218541,1810873
138,6/8/20,7892244343,623194,5295042,1837420
139,6/9/20,7892126529,615026,5388569,1869875
140,6/10/20,7892001615,602778,5490396,1905210
141,6/11/20,7891861673,606534,5591499,1940293
142,6/12/20,7891727343,613390,5686134,1973132
143,6/13/20,7891576973,629852,5785546,2007628
144,6/14/20,7891414166,660712,5883501,2041620
145,6/15/20,7891283289,666677,5976234,2073799
146,6/16/20,7891151640,654427,6083063,2110869
147,6/17/20,7891000725,662140,6189374,2147760
148,6/18/20,7890841903,677868,6295605,2184623
149,6/19/20,7890651721,687054,6429974,2231250
150,6/20/20,7890416789,736103,6567971,2279136
151,6/21/20,7890262756,797074,6637059,2303110
152,6/22/20,7890171261,746237,6742724,2339777
153,6/23/20,7890004008,745367,6867536,2383088
154,6/24/20,7889807543,770396,6994808,2427252
155,6/25/20,7889637588,760836,7128078,2473497
156,6/26/20,7889451466,754468,7270979,2523086
157,6/27/20,7889175626,853896,7401945,2568532
158,6/28/20,7888973089,887976,7527005,2611929
159,6/29/20,7888820073,888310,7640355,2651261
160,6/30/20,7888655056,869556,7776784,2698603
161,7/1/20,7888435672,873812,7936492,2754023
162,7/2/20,7888208064,896450,8088659,2806826
163,7/3/20,7887976868,925008,8239094,2859029
164,7/4/20,7887752973,959189,8379935,2907902
165,7/5/20,7887529721,996221,8518182,2955875
166,7/6/20,7887358999,998670,8643106,2999224
167,7/7/20,7887196285,951815,8798687,3053212
168,7/8/20,7886976400,956414,8958513,3108672
169,7/9/20,7886739156,969062,9125250,3166531
170,7/10/20,7886471393,1003944,9298137,3226525
171,7/11/20,7886211912,1050605,9456132,3281350
172,7/12/20,7885974433,1095152,9599362,3331052
173,7/13/20,7885796592,1078515,9743740,3381152
174,7/14/20,7885596373,1057707,9907827,3438092
175,7/15/20,7885370156,1054138,10078417,3497288
176,7/16/20,7885128339,1051043,10260236,3560381
177,7/17/20,7884858827,1083135,10436494,3621543
178,7/18/20,7884578998,1127623,10611208,3682170
179,7/19/20,7884326244,1168486,10768513,3736756
180,7/20/20,7884127236,1159350,10923036,3790377
181,7/21/20,7883905857,1137708,11103451,3852983
182,7/22/20,7883632392,1135817,11307872,3923918
183,7/23/20,7883314825,1173753,11515466,3995955
184,7/24/20,7882987029,1218043,11725937,4068990
185,7/25/20,7882665857,1289658,11911205,4133279
186,7/26/20,7882412635,1331071,12068449,4187844
187,7/27/20,7882209461,1299859,12242454,4248225
188,7/28/20,7881986544,1258889,12438360,4316206
189,7/29/20,7881732054,1243145,12638978,4385822
190,7/30/20,7881463545,1229873,12848168,4458413
191,7/31/20,7881143859,1262097,13061576,4532467
192,8/1/20,7880821935,1337750,13244404,4595910
193,8/2/20,7880579439,1349635,13415607,4655318
194,8/3/20,7880406658,1316359,13568580,4708402
195,8/4/20,7880205531,1252182,13765539,4776747
196,8/5/20,7879946852,1235705,13969811,4847631
197,8/6/20,7879672456,1223399,14182654,4921490
198,8/7/20,7879349591,1263830,14392329,4994249
199,8/8/20,7879032541,1315653,14589230,5062575
200,8/9/20,7878740376,1374823,14762202,5122598
201,8/10/20,7878539473,1342514,14935336,5182676
202,8/11/20,7878315854,1300570,15132486,5251089
203,8/12/20,7878061923,1279431,15336694,5321951
204,8/13/20,7877779193,1272067,15552056,5396683
205,8/14/20,7877447253,1296934,15780023,5475789
206,8/15/20,7877124149,1371012,15964896,5539942
207,8/16/20,7876898294,1386826,16120828,5594051
208,8/17/20,7876740934,1331304,16278869,5648892
209,8/18/20,7876543718,1269116,16471447,5715718
210,8/19/20,7876296934,1238426,16677439,5787200
211,8/20/20,7876055054,1208827,16878982,5857136
212,8/21/20,7875770648,1231280,17073452,5924619
213,8/22/20,7875455207,1283192,17269092,5992508
214,8/23/20,7875201801,1333839,17419618,6044741
215,8/24/20,7875030346,1277194,17588956,6103503
216,8/25/20,7874834512,1227820,17770995,6166672
217,8/26/20,7874579092,1201549,17980119,6239239
218,8/27/20,7874272091,1221287,18193379,6313242
219,8/28/20,7873964418,1245021,18404171,6386389
220,8/29/20,7873622504,1326201,18597737,6453557
221,8/30/20,7873370132,1358835,18760867,6510165
222,8/31/20,7873131295,1333365,18957085,6578254
223,9/1/20,7872881795,1315981,19155216,6647007
224,9/2/20,7872620284,1295602,19364487,6719626
225,9/3/20,7872336903,1293553,19576387,6793156
226,9/4/20,7872010475,1318249,19800388,6870887
227,9/5/20,7871654760,1400243,20003595,6941401
228,9/6/20,7871416348,1409657,20173600,7000394
229,9/7/20,7871236951,1371771,20334908,7056369
230,9/8/20,7871055046,1307164,20517915,7119874
231,9/9/20,7870808654,1268246,20729725,7193374
232,9/10/20,7870520683,1251824,20955702,7271790
233,9/11/20,7870173649,1282496,21190565,7353289
234,9/12/20,7869797560,1369860,21404911,7427668
235,9/13/20,7869477283,1441302,21589642,7491772
236,9/14/20,7869207820,1443625,21787963,7560591
237,9/15/20,7868945438,1425455,21996241,7632865
238,9/16/20,7868664327,1401614,22222633,7711425
239,9/17/20,7868360164,1390204,22456911,7792720
240,9/18/20,7868006670,1417052,22699408,7876869
241,9/19/20,7867635740,1494863,22917016,7952380
242,9/20/20,7867354632,1520842,23106420,8018105
243,9/21/20,7867120146,1495419,23299373,8085061
244,9/22/20,7866880870,1450376,23510447,8158306
245,9/23/20,7866600471,1419122,23741814,8238592
246,9/24/20,7866294511,1404129,23980085,8321274
247,9/25/20,7865936063,1431963,24225528,8406445
248,9/26/20,7865574467,1507448,24437933,8480151
249,9/27/20,7865301271,1533650,24621298,8543780
250,9/28/20,7865077347,1496325,24815246,8611081
251,9/29/20,7864844951,1445921,25025193,8683934
252,9/30/20,7864558557,1407768,25266132,8767542
253,10/1/20,7864245512,1401701,25503036,8849750
254,10/2/20,7863883006,1434702,25747656,8934635
255,10/3/20,7863503140,1517213,25968409,9011237
256,10/4/20,7863206502,1553319,26161824,9078354
257,10/5/20,7862917425,1531051,26392962,9158561
258,10/6/20,7862614504,1517849,26627648,9239998
259,10/7/20,7862268299,1514860,26886884,9329956
260,10/8/20,7861889289,1534549,27153639,9422522
261,10/9/20,7861466920,1596515,27421198,9515366
262,10/10/20,7861011525,1696386,27685134,9606954
263,10/11/20,7860677852,1740565,27900050,9681532
264,10/12/20,7860414456,1713936,28115361,9756246
265,10/13/20,7860154253,1654767,28352458,9838521
266,10/14/20,7859813418,1614818,28635147,9936616
267,10/15/20,7859386041,1635199,28937295,10041464
268,10/16/20,7858924049,1686671,29242060,10147219
269,10/17/20,7858430890,1807697,29518326,10243086
270,10/18/20,7858017539,1889805,29764236,10328419
271,10/19/20,7857630718,1901676,30042594,10425011
272,10/20/20,7857247678,1895842,30331289,10525190
273,10/21/20,7856826189,1877720,30657650,10638440
274,10/22/20,7856315021,1906811,31015537,10762630
275,10/23/20,7855711176,2016755,31382203,10889865
276,10/24/20,7855092173,2179413,31720987,11007426
277,10/25/20,7854651945,2260808,31987379,11099867
278,10/26/20,7854198942,2230767,32345985,11224305
279,10/27/20,7853687046,2274200,32693765,11344988
280,10/28/20,7853178891,2260586,33081119,11479403
281,10/29/20,7852599648,2288454,33490453,11621444
282,10/30/20,7851932876,2383484,33914906,11768733
283,10/31/20,7851247862,2596393,34265390,11890354
284,11/1/20,7850819612,2585454,34591438,12003495
285,11/2/20,7850300517,2556180,34998540,12144762
286,11/3/20,7849708403,2582780,35418370,12290446
287,11/4/20,7849202120,2596919,35783730,12417230
288,11/5/20,7848662384,2517321,36243516,12576778
289,11/6/20,7847891972,2664550,36706158,12737319
290,11/7/20,7847108787,2848544,37150989,12891679
291,11/8/20,7846567116,2899366,37515389,13018128
292,11/9/20,7846131975,2824701,37893862,13149461
293,11/10/20,7845543568,2842363,38317575,13296493
294,11/11/20,7844967492,2793774,38781318,13457415
295,11/12/20,7844325815,2795256,39256590,13622338
296,11/13/20,7843623877,2836260,39747258,13792604
297,11/14/20,7842866766,3006345,40183058,13943830
298,11/15/20,7842299318,3083565,40546996,14070120
299,11/16/20,7841854201,3003048,40937220,14205530
300,11/17/20,7841350920,2904017,41384368,14360694
301,11/18/20,7840766538,2866134,41846329,14520998
302,11/19/20,7840151221,2827465,42331839,14689474
303,11/20/20,7839410230,2894425,42832231,14863113
304,11/21/20,7838633856,3078228,43272147,15015768
305,11/22/20,7838068839,3145165,43641915,15144080
306,11/23/20,7837639061,3040933,44038357,15281648
307,11/24/20,7837136530,2952678,44476948,15433843
308,11/25/20,7836582651,2889478,44935059,15592811
309,11/26/20,7836050342,2832526,45372518,15744613
310,11/27/20,7835358310,2829216,45888731,15923742
311,11/28/20,7834553481,3026478,46339780,16080260
312,11/29/20,7833984303,3100035,46707722,16207939
313,11/30/20,7833572891,3004870,47083798,16338440
314,12/1/20,7833068490,2894368,47540294,16496847
315,12/2/20,7832402601,2920010,48015604,16661784
316,12/3/20,7831767099,2864915,48528294,16839691
317,12/4/20,7830987710,2947945,49045261,17019083
318,12/5/20,7830144620,3148683,49522135,17184561
319,12/6/20,7829464904,3284458,49925949,17324688
320,12/7/20,7829001020,3213496,50323011,17462472
321,12/8/20,7828475755,3108095,50791209,17624940
322,12/9/20,7827870336,3048164,51285156,17796343
323,12/10/20,7826405938,3017155,52395325,18181581
324,12/11/20,7824847132,3870210,52919265,18363392
325,12/12/20,7824036632,4032020,53400844,18530503
326,12/13/20,7823383994,4145864,53800837,18669304
327,12/14/20,7822924710,4053992,54210007,18811290
328,12/15/20,7822390283,3939798,54691535,18978383
329,12/16/20,7822519527,3093012,55224228,19163232
330,12/17/20,7821769134,3104803,55772556,19353506
331,12/18/20,7820957784,3194715,56308142,19539358
332,12/19/20,7820139635,3377359,56779932,19703073
333,12/20/20,7819507985,3461708,57186241,19844065
334,12/21/20,7819063083,3360388,57591748,19984780
335,12/22/20,7818582946,3189068,58075381,20152604
336,12/23/20,7817987996,3101923,58581759,20328321
337,12/24/20,7817333948,3062580,59096523,20506948
338,12/25/20,7816782838,3120466,59462686,20634009
339,12/26/20,7816304271,3066389,59858113,20771226
340,12/27/20,7815904655,3052811,60164863,20877670
341,12/28/20,7815643733,2814548,60535451,21006267
342,12/29/20,7815154768,2631638,61034242,21179351
343,12/30/20,7814450984,2610122,61572694,21366199
344,12/31/20,7813379180,2842198,62196097,21582524
345,1/1/21,7812508404,3149282,62614574,21727739
346,1/2/21,7811753530,3299780,63063255,21883434
347,1/3/21,7811128009,3404971,63449540,22017479
348,1/4/21,7810722113,3253426,63863377,22161083
349,1/5/21,7810149082,3085567,64413404,22351946
350,1/6/21,7809457007,2986729,65000566,22555697
351,1/7/21,7808359828,3213950,65646411,22779810
352,1/8/21,7807258831,3479532,66266612,22995024
353,1/9/21,7806187479,3794617,66828054,23189849
354,1/10/21,7805387114,3993443,67274628,23344814
355,1/11/21,7804911991,3854092,67730806,23503110
356,1/12/21,7804395894,3677653,68244935,23681517
357,1/13/21,7803830043,3500231,68796730,23872995
358,1/14/21,7803163127,3408089,69360245,24068538
359,1/15/21,7802376483,3410880,69942166,24270470
360,1/16/21,7801537297,3593194,70429819,24439689
361,1/17/21,7800967289,3635592,70821509,24575609
362,1/18/21,7800614968,3470666,71205507,24708858
363,1/19/21,7800248212,3244640,71645580,24861567
364,1/20/21,7799727282,3078364,72155752,25038601
365,1/21/21,7799155173,2981717,72652227,25210882
366,1/22/21,7798479803,2993601,73144790,25381805
367,1/23/21,7797767211,3129477,73572936,25530375
368,1/24/21,7797245760,3188946,73915905,25649388
369,1/25/21,7796895008,3058146,74273403,25773442
370,1/26/21,7796539350,2852492,74690113,25918044
371,1/27/21,7796045830,2745048,75136261,26072860
372,1/28/21,7795493237,2682526,75592914,26231322
373,1/29/21,7794865856,2720925,76030166,26383052
374,1/30/21,7794223992,2847925,76412394,26515688
375,1/31/21,7793794071,2881237,76706831,26617860
376,2/1/21,7793515772,2716534,77035709,26731984
377,2/2/21,7793208280,2558572,77381256,26851891
378,2/3/21,7792832692,2408911,77771194,26987202
379,2/4/21,7792424651,2345178,78121432,27108738
380,2/5/21,7791931236,2302088,78519726,27246949
381,2/6/21,7791356142,2441984,78842811,27359062
382,2/7/21,7791012398,2434180,79103795,27449626
383,2/8/21,7790786387,2320274,79356145,27537193
384,2/9/21,7790564429,2134942,79658512,27642116
385,2/10/21,7790188449,2070458,79985506,27755586
386,2/11/21,7789840723,1974417,80314953,27869906
387,2/12/21,7789402565,1982986,80633874,27980574
388,2/13/21,7788944036,2061027,80916343,28078593
389,2/14/21,7788594820,2101598,81145476,28158105
390,2/15/21,7788412643,2002953,81353955,28230448
391,2/16/21,7788212492,1843311,81621060,28323136
392,2/17/21,7787910087,1759337,81907903,28422672
393,2/18/21,7787542497,1716127,82212875,28528500
394,2/19/21,7787102523,1746439,82517002,28634035
395,2/20/21,7786626296,1847456,82795553,28730694
396,2/21/21,7786212345,1941844,83032792,28813018
397,2/22/21,7785957006,1901614,83252219,28889160
398,2/23/21,7785655074,1810804,83543785,28990336
399,2/24/21,7785228202,1792746,83874095,29104956
400,2/25/21,7784739970,1828014,84210369,29221646
401,2/26/21,7784220276,1905768,84538459,29335496
402,2/27/21,7783701162,2028145,84832991,29437701
403,2/28/21,7783292209,2129313,85061487,29516990
404,3/1/21,7783071665,2044356,85288286,29595692
405,3/2/21,7782897831,1904927,85520849,29676392
406,3/3/21,7782595686,1765226,85848869,29790218
407,3/4/21,7782137372,1765132,86189185,29908310
408,3/5/21,7781626604,1826803,86522588,30024004
409,3/6/21,7781071265,1968115,86829956,30130663
410,3/7/21,7780588295,2076641,87107938,30227125
411,3/8/21,7780221645,2137822,87334714,30305818
412,3/9/21,7779943978,2001445,87642095,30412481
413,3/10/21,7779529475,1957081,87982751,30530692
414,3/11/21,7779030025,1966851,88346283,30656840
415,3/12/21,7778465124,2042504,88709494,30782877
416,3/13/21,7777894724,2157308,89047722,30900245
417,3/14/21,7777379522,2307435,89318749,30994293
418,3/15/21,7777074407,2258466,89581616,31085510
419,3/16/21,7776712156,2153683,89928336,31205824
420,3/17/21,7776189086,2131037,90333468,31346408
421,3/18/21,7775584689,2187505,90740243,31487562
422,3/19/21,7774929817,2279838,91157864,31632480
423,3/20/21,7774233906,2477302,91527904,31760887
424,3/21/21,7773649074,2621665,91854902,31874358
425,3/22/21,7773254448,2595100,92167589,31982862
426,3/23/21,7772873134,2470575,92543117,32113173
427,3/24/21,7772285525,2428485,93010596,32275393
428,3/25/21,7771566172,2495645,93494776,32443406
429,3/26/21,7770772384,2649391,93969934,32608290
430,3/27/21,7769988278,2848964,94403883,32758874
431,3/28/21,7769332282,3012306,94769623,32885788
432,3/29/21,7768886191,2999121,95110583,33004104
433,3/30/21,7768494408,2828698,95527957,33148936
434,3/31/21,7767910499,2738711,96028248,33322541
435,4/1/21,7767166826,2772565,96555208,33505400
436,4/2/21,7766396755,2897851,97033888,33671505
437,4/3/21,7765704274,3049982,97435036,33810707
438,4/4/21,7765063278,3131056,97850714,33954951
439,4/5/21,7764568573,3128772,98219672,34082982
440,4/6/21,7764137986,2951865,98670667,34239481
441,4/7/21,7763577172,2849540,99162973,34410314
442,4/8/21,7762722762,2867894,99783649,34625694
443,4/9/21,7761679738,3163600,100338448,34818213
444,4/10/21,7760821698,3350996,100836325,34990980
445,4/11/21,7759938431,3524651,101363131,35173786
446,4/12/21,7759222467,3626769,101818842,35331921
447,4/13/21,7758507935,3577476,102385894,35528693
448,4/14/21,7757768854,3505244,102988202,35737699
449,4/15/21,7756883627,3569240,103597873,35949259
450,4/16/21,7755873190,3719827,104236214,36170768
451,4/17/21,7754928965,3870065,104825659,36375310
452,4/18/21,7754048714,4050206,105345411,36555668
453,4/19/21,7753421496,3986492,105858349,36733662
454,4/20/21,7752702281,3866110,106481655,36949953
455,4/21/21,7751794673,3884476,107141816,37179034
456,4/22/21,7750865880,3913868,107809519,37410732
457,4/23/21,7749852807,4019282,108483352,37644558
458,4/24/21,7748821028,4226831,109095249,37856891
459,4/25/21,7747959244,4360129,109636067,38044559
460,4/26/21,7747381305,4249018,110147608,38222068
461,4/27/21,7746742375,4048826,110770561,38438237
462,4/28/21,7745903863,3988547,111437811,38669778
463,4/29/21,7745018696,3979679,112101530,38900094
464,4/30/21,7744057522,4049484,112763271,39129722
465,5/1/21,7743099729,4212367,113353401,39334502
466,5/2/21,7742306598,4318227,113863621,39511553
467,5/3/21,7741767992,4166376,114376207,39689424
468,5/4/21,7741191370,3958042,114958948,39891639
469,5/5/21,7740458448,3848963,115584038,40108550
470,5/6/21,7739634970,3799595,116232027,40333407
471,5/7/21,7738722208,3877531,116851790,40548470
472,5/8/21,7737786355,4025086,117437011,40751547
473,5/9/21,7737039105,4122927,117919124,40918843
474,5/10/21,7736549008,3987380,118383593,41080018
475,5/11/21,7736039566,3771023,118922417,41266993
476,5/12/21,7735419126,3623976,119492188,41464709
477,5/13/21,7734751766,3556637,120037619,41653977
478,5/14/21,7734095800,3503038,120564390,41836771
479,5/15/21,7733404032,3563194,121033290,41999483
480,5/16/21,7732851442,3569162,121439095,42140300
481,5/17/21,7732487077,3389985,121842613,42280324
482,5/18/21,7732091384,3166040,122302624,42439951
483,5/19/21,7731534400,3050979,122801541,42613079
484,5/20/21,7731289614,3013459,123011121,42685805
485,5/21/21,7731012445,2664153,123476207,42847194
486,5/22/21,7730360231,2744006,123901120,42994642
487,5/23/21,7729849789,2772825,124258670,43118715
488,5/24/21,7729536726,2634810,124593544,43234919
489,5/25/21,7729224286,2413843,124989538,43372332
490,5/26/21,7728404757,2664944,125411532,43518766
491,5/27/21,7727915907,2606897,125817540,43659655
492,5/28/21,7727435860,2581433,126192825,43789881
493,5/29/21,7726931552,2605321,126549482,43913644
494,5/30/21,7726512263,2634663,126838973,44014100
495,5/31/21,7726268667,2491203,127126318,44113811
496,6/1/21,7725990035,2309831,127467819,44232314
497,6/2/21,7725589300,2222938,127829827,44357934
498,6/3/21,7725126684,2205055,128186543,44481717
499,6/4/21,7724701714,2205134,128501976,44591175
500,6/5/21,7724270119,2240078,128796445,44693357
501,6/6/21,7723937543,2249673,129036221,44776562
502,6/7/21,7723752799,2112650,129275097,44859453
503,6/8/21,7723548543,1946789,129549867,44954800
504,6/9/21,7723240633,1836407,129860401,45062558
505,6/10/21,7722793728,1829808,130197076,45179387
506,6/11/21,7722314838,1886661,130510390,45288110
507,6/12/21,7721847402,1985717,130783871,45383009
508,6/13/21,7721497988,2032330,131008666,45461015
509,6/14/21,7721256002,1965014,131238287,45540696
510,6/15/21,7720990235,1856024,131516502,45637238
511,6/16/21,7720679807,1777277,131805420,45737495
512,6/17/21,7720316674,1744415,132099401,45839509
513,6/18/21,7719885552,1772030,132398959,45943458
514,6/19/21,7719437548,1872736,132656789,46032926
515,6/20/21,7719094788,1910732,132883041,46111438
516,6/21/21,7718868126,1840739,133103274,46187860
517,6/22/21,7718550432,1748219,133407811,46293537
518,6/23/21,7718139590,1762438,133702259,46395712
519,6/24/21,7717737215,1755554,134006087,46501143
520,6/25/21,7717257586,1817515,134316158,46608740
521,6/26/21,7716781785,1930419,134585568,46702227
522,6/27/21,7716404307,1996661,134816625,46782406
523,6/28/21,7716170267,1897683,135063853,46868196
524,6/29/21,7715852664,1834078,135346856,46966401
525,6/30/21,7715481247,1806027,135643416,47069309
526,7/1/21,7715063905,1787827,135966756,47181511
527,7/2/21,7714548918,1860472,136295145,47295464
528,7/3/21,7714043985,1991578,136572669,47391767
529,7/4/21,7713675432,2032387,136815982,47476198
530,7/5/21,7713350979,1978923,137096542,47573555
531,7/6/21,7712921999,1957372,137431010,47689618
532,7/7/21,7712441768,1972361,137776399,47809471
533,7/8/21,7711936989,1995261,138134140,47933609
534,7/9/21,7711315701,2103313,138515159,48065826
535,7/10/21,7710709096,2288805,138827788,48174310
536,7/11/21,7710296008,2332001,139102390,48269600
537,7/12/21,7709942483,2251362,139424708,48381446
538,7/13/21,7709447902,2220284,139814950,48516863
539,7/14/21,7708866140,2264064,140214340,48655455
540,7/15/21,7708264967,2288810,140642272,48803950
541,7/16/21,7707513715,2444124,141084688,48957472
542,7/17/21,7706798819,2670170,141447603,49083407
543,7/18/21,7706323924,2724856,141759561,49191658
544,7/19/21,7705939907,2619406,142122934,49317752
545,7/20/21,7705456003,2570891,142518195,49454910
546,7/21/21,7704943903,2526883,142931042,49598171
547,7/22/21,7704418544,2487053,143350630,49743772
548,7/23/21,7703614065,2563392,143891191,49931351
549,7/24/21,7702874215,2871323,144211842,50042619
550,7/25/21,7702486149,2813775,144542660,50157415
551,7/26/21,7702032327,2726970,144944014,50296688
552,7/27/21,7701441478,2711489,145394145,50452887
553,7/28/21,7700750254,2752630,145876758,50620357
554,7/29/21,7700185442,2674573,146354015,50785969
555,7/30/21,7699242138,2885523,146897704,50974634
556,7/31/21,7698438053,3172263,147281774,51107909
557,8/1/21,7697978267,3148981,147640397,51232354
558,8/2/21,7697530426,3025719,148064376,51379478
559,8/3/21,7696975131,2946739,148535253,51542876
560,8/4/21,7696303267,2938145,149040416,51718171
561,8/5/21,7695669541,2886249,149549412,51894797
562,8/6/21,7694681738,3054526,150157817,52105918
563,8/7/21,7693784011,3390984,150574495,52250509
564,8/8/21,7693326128,3381150,150921722,52370999
565,8/9/21,7692873603,3214592,151381321,52530483
566,8/10/21,7692289166,3153217,151860763,52696853
567,8/11/21,7691598283,3113407,152403219,52885090
568,8/12/21,7690981374,3024574,152927152,53066899
569,8/13/21,7690035105,3169047,153522394,53273452
570,8/14/21,7689148117,3503125,153932868,53415889
571,8/15/21,7688747597,3436953,154279333,53536115
572,8/16/21,7688262375,3257832,154772532,53707260
573,8/17/21,7687646037,3191483,155279350,53883129
574,8/18/21,7686933449,3168428,155825481,54072641
575,8/19/21,7686287866,3102276,156353863,54255993
576,8/20/21,7685343831,3261099,156936794,54458275
577,8/21/21,7684466255,3579621,157351828,54602295
578,8/22/21,7684123465,3474331,157684476,54717727
579,8/23/21,7683673878,3239724,158192413,54893984
580,8/24/21,7683048554,3188275,158694840,55068330
581,8/25/21,7682346104,3153314,159242283,55258298
582,8/26/21,7681657457,3105512,159789013,55448017
583,8/27/21,7680728939,3282907,160346636,55641517
584,8/28/21,7679868716,3585950,160760279,55785054
585,8/29/21,7679548900,3458936,161092000,55900163
586,8/30/21,7679106992,3228993,161590773,56073241
587,8/31/21,7678551890,3163433,162051544,56233132
588,9/1/21,7677948597,3047646,162585379,56418377
589,9/2/21,7677303865,3015603,163087807,56592724
590,9/3/21,7676460697,3135198,163624978,56779126
591,9/4/21,7675687243,3411941,163993729,56907086
592,9/5/21,7675415411,3236801,164325555,57022232
593,9/6/21,7675111328,3063111,164680247,57145313
594,9/7/21,7674696145,2821804,165167616,57314434
595,9/8/21,7674078719,2801519,165641044,57478717
596,9/9/21,7673524436,2715657,166116279,57643627
597,9/10/21,7672722291,2859091,166605297,57813320
598,9/11/21,7672042030,3070830,166953121,57934018
599,9/12/21,7671679878,3061579,167228846,58029696
600,9/13/21,7671387063,2776492,167657872,58178572
601,9/14/21,7670897043,2716683,168066058,58320215
602,9/15/21,7670420508,2626367,168486880,58466244
603,9/16/21,7669925014,2534507,168922924,58617554
604,9/17/21,7669182963,2653339,169385593,58778104
605,9/18/21,7668407276,2905155,169774508,58913060
606,9/19/21,7668097910,2851124,170044288,59006677
607,9/20/21,7667754151,2664692,170437895,59143261
608,9/21/21,7667302131,2628032,170800684,59269152
609,9/22/21,7666865827,2529358,171197845,59406969
610,9/23/21,7666406438,2441117,171604398,59548046
611,9/24/21,7665833433,2464876,172012150,59689540
612,9/25/21,7665273582,2650725,172289804,59785888
613,9/26/21,7665073952,2494536,172553959,59877552
614,9/27/21,7664724044,2361675,172912360,60001920
615,9/28/21,7664325276,2309466,173247160,60118097
616,9/29/21,7663930952,2212813,173611654,60244580
617,9/30/21,7663499324,2154544,173975347,60370784
618,10/1/21,7662861427,2270439,174362874,60505259
619,10/2/21,7662344602,2436622,174623186,60595589
620,10/3/21,7662167686,2304495,174852615,60675203
621,10/4/21,7661862556,2162561,175184509,60790373
622,10/5/21,7661483620,2118648,175498427,60899304
623,10/6/21,7661043615,2051600,175874856,61029928
624,10/7/21,7660596730,2036651,176217715,61148903
625,10/8/21,7660010118,2147843,176570660,61271378
626,10/9/21,7659503537,2314220,176823223,61359019
627,10/10/21,7659293944,2207360,177058153,61440542
628,10/11/21,7659012352,2100964,177346190,61540493
629,10/12/21,7658693209,1981899,177671510,61653381
630,10/13/21,7658260413,1958273,178010351,61770962
631,10/14/21,7657826015,1939275,178346946,61887763
632,10/15/21,7657254837,2052467,178686949,62005746
633,10/16/21,7656771946,2194000,178940368,62093685
634,10/17/21,7656505275,2147370,179172959,62174395
635,10/18/21,7656202396,2022463,179490541,62284599
636,10/19/21,7655799464,1993827,179810931,62395777
637,10/20/21,7655344983,1971999,180164537,62518480
638,10/21/21,7654864610,1990322,180507556,62637511
639,10/22/21,7654251094,2111014,180873422,62764469
640,10/23/21,7653701313,2290537,181148296,62859853
641,10/24/21,7653449637,2233009,181377844,62939508
642,10/25/21,7653119603,2110644,181713700,63056052
643,10/26/21,7652717041,2086735,182030306,63165917
644,10/27/21,7652238623,2051156,182411890,63298330
645,10/28/21,7651734424,2072329,182770482,63422764
646,10/29/21,7651127573,2185097,183137283,63550046
647,10/30/21,7650568080,2369977,183415390,63646552
648,10/31/21,7650297020,2292190,183674369,63736420
649,11/1/21,7649916999,2214566,184014119,63854315
650,11/2/21,7649568902,2158214,184314376,63958507
651,11/3/21,7649122687,2079637,184703975,64093700
652,11/4/21,7648574521,2110346,185088128,64227004
653,11/5/21,7647907395,2253190,185477347,64362067
654,11/6/21,7647326211,2428625,185778570,64466593
655,11/7/21,7647037408,2376729,186031500,64554362
656,11/8/21,7646576110,2312979,186421288,64689622
657,11/9/21,7646106440,2313235,186769775,64810549
658,11/10/21,7645580954,2265192,187195555,64958298
659,11/11/21,7645010824,2314439,187582251,65092485
660,11/12/21,7644295937,2429573,188027500,65246989
661,11/13/21,7643641159,2688627,188321280,65348933
662,11/14/21,7643422204,2559303,188579837,65438655
663,11/15/21,7642941753,2438168,189026447,65593631
664,11/16/21,7642406871,2466225,189402706,65724197
665,11/17/21,7641805720,2452167,189859429,65882683
666,11/18/21,7641168607,2467623,190320939,66042830
667,11/19/21,7640328037,2693556,190777237,66201169
668,11/20/21,7639623663,2959914,191102414,66314008
669,11/21/21,7639407441,2796344,191384366,66411848
670,11/22/21,7638829819,2669311,191907492,66593377
671,11/23/21,7638147780,2758757,192347425,66746037
672,11/24/21,7637518939,2729693,192835845,66915522
673,11/25/21,7636878450,2772961,193279214,67069374
674,11/26/21,7636105554,2932166,193734809,67227470
675,11/27/21,7635452850,3166065,194045724,67335360
676,11/28/21,7635348910,2880215,194335099,67435775
677,11/29/21,7634809374,2677412,194886201,67627012
678,11/30/21,7634124473,2761846,195331980,67781700
679,12/1/21,7633418763,2765092,195853480,67962664
680,12/2/21,7632622753,2853865,196378523,68144858
681,12/3/21,7631603483,3142297,196921087,68333132
682,12/4/21,7630790225,3483345,197271649,68454780
683,12/5/21,7630640553,3213216,197583303,68562927
684,12/6/21,7630117497,3032550,198105737,68744215
685,12/7/21,7629476992,3033808,198580305,68908894
686,12/8/21,7628833638,2965818,199108397,69092146
687,12/9/21,7628154748,2946324,199626868,69272059
688,12/10/21,7627235040,3172498,200141738,69450723
689,12/11/21,7626494403,3446231,200488361,69571004
690,12/12/21,7626304671,3209413,200805026,69680889
691,12/13/21,7625823485,2996716,201320155,69859643
692,12/14/21,7625204149,2979255,201792904,70023691
693,12/15/21,7624525562,2917668,202342399,70214370
694,12/16/21,7623734695,2964308,202894903,70406093
695,12/17/21,7622689806,3241631,203464734,70603828
696,12/18/21,7621818848,3582647,203858155,70740349
697,12/19/21,7621497833,3418706,204218180,70865280
698,12/20/21,7620839608,3266865,204819562,71073964
699,12/21/21,7620011055,3336757,205382781,71269406
700,12/22/21,7619082137,3351191,206061681,71504989
701,12/23/21,7617923193,3498108,206812997,71765701
702,12/24/21,7616585007,3980194,207448554,71986244
703,12/25/21,7615531871,4351338,207954855,72161935
704,12/26/21,7615084466,4223264,208382083,72310186
705,12/27/21,7613926029,4040082,209378082,72655806
706,12/28/21,7612162522,4467218,210370186,73000073
707,12/29/21,7610133312,4791561,211635856,73439270
708,12/30/21,7607334419,5640328,213083602,73941650
709,12/31/21,7604363247,6908462,214347914,74380376
710,1/1/22,7602032551,8036021,215241107,74690320
711,1/2/22,7601252522,7897539,215922997,74926941
712,1/3/22,7599332001,7479679,217658979,75529340
713,1/4/22,7596085060,8113193,219599151,76202595
714,1/5/22,7592837750,8776494,221517484,76868271
715,1/6/22,7589287557,9657465,223499077,77555900
716,1/7/22,7584867834,11123550,225691818,78316797
717,1/8/22,7580696123,13158677,227277988,78867211
718,1/9/22,7578892838,12956880,228766534,79383747
719,1/10/22,7576249468,12348535,231180562,80221434
720,1/11/22,7572551355,13016241,233430295,81002108
721,1/12/22,7568743516,13377426,235989043,81890014
722,1/13/22,7565063395,13870442,238355106,82711056
723,1/14/22,7560696421,14920963,240817195,83565420
724,1/15/22,7556957287,16232334,242619533,84190845
725,1/16/22,7555610040,15408382,244231401,84750176
726,1/17/22,7553691435,14549174,246293612,85465778
727,1/18/22,7550595672,13880333,249088402,86435592
728,1/19/22,7545934892,14457832,252119773,87487502
729,1/20/22,7541433770,15224660,254892062,88449507
730,1/21/22,7536317122,16531191,257720641,89431045
731,1/22/22,7532028418,18170109,259687805,90113667
732,1/23/22,7529773107,18042082,261457163,90727647
733,1/24/22,7527521513,16660816,264154148,91663522
734,1/25/22,7524318120,16210395,266866689,92604795
735,1/26/22,7520636927,16129915,269659304,93573853
736,1/27/22,7516985639,16081471,272405934,94526955
737,1/28/22,7512256764,17131417,275137120,95474698
738,1/29/22,7508397631,18427008,277040258,96135102
739,1/30/22,7507289930,17357690,278656447,96695932
740,1/31/22,7504907250,15880895,281521669,97690185
741,2/1/22,7501679716,15978697,283845139,98496447
742,2/2/22,7499065071,15408697,286209375,99316856
743,2/3/22,7496365278,14914413,288580614,100139694
744,2/4/22,7492779178,15544948,290774785,100901088
745,2/5/22,7489896999,16323494,292336493,101443013
746,2/6/22,7489890032,14567652,293645178,101897137
747,2/7/22,7488282839,13200729,295853121,102663310
748,2/8/22,7485893678,12990200,297783095,103333026
749,2/9/22,7484055070,12395813,299589317,103959799
750,2/10/22,7481763366,11873243,301678596,104684794
751,2/11/22,7478627888,12583884,303478761,105309466
752,2/12/22,7476240749,13245912,304759460,105753878
753,2/13/22,7476083814,11996907,305803211,106116067
754,2/14/22,7475234680,10803157,307319820,106642342
755,2/15/22,7473754001,10413046,308708668,107124284
756,2/16/22,7472457679,9469562,310371470,107701288
757,2/17/22,7470579797,9284531,311902948,108232723
758,2/18/22,7468258561,9622333,313375422,108743683
759,2/19/22,7466203986,10199827,314471987,109124199
760,2/20/22,7465576256,9634024,315358049,109431670
761,2/21/22,7464547855,8956767,316624306,109871071
762,2/22/22,7463408279,8422619,317866856,110302245
763,2/23/22,7461879980,8033430,319290373,110796216
764,2/24/22,7460158015,7967484,320617693,111256807
765,2/25/22,7458192879,8278314,321845827,111682979
766,2/26/22,7456458118,8739087,322791618,112011176
767,2/27/22,7455837634,8307417,323572723,112282225
768,2/28/22,7454850326,7685847,324767132,112696694
769,3/1/22,7453560199,7377237,325954012,113108551
770,3/2/22,7452089498,7188063,327186281,113536157
771,3/3/22,7450308722,7193632,328504170,113993475
772,3/4/22,7448045079,7694851,329812569,114447500
773,3/5/22,7446044478,8405121,330770493,114779907
774,3/6/22,7445253279,8086574,331594354,115065792
775,3/7/22,7444000797,7597583,332887199,115514420
776,3/8/22,7442334900,7679181,334063361,115922557
777,3/9/22,7440535628,7488273,335540843,116435255
778,3/10/22,7438436891,7716029,336929834,116917245
779,3/11/22,7435983641,8296679,338320026,117399653
780,3/12/22,7433660080,9059533,339478674,117801712
781,3/13/22,7432703201,8878767,340323246,118094785
782,3/14/22,7431151945,8432113,341806467,118609474
783,3/15/22,7429334813,8439843,343149742,119075601
784,3/16/22,7427157531,8378264,344811841,119652363
785,3/17/22,7424713366,8744525,346354449,120187659
786,3/18/22,7422304642,9261722,347758693,120674942
787,3/19/22,7420071381,10015604,348856963,121056051
788,3/20/22,7419629084,9497073,349570269,121303573
789,3/21/22,7418597773,8648499,350965869,121787858
790,3/22/22,7416979526,8289523,352433733,122297217
791,3/23/22,7415276304,8188842,353772925,122761928
792,3/24/22,7413579727,8101218,355097492,123221562
793,3/25/22,7411515334,8406040,356403773,123674852
794,3/26/22,7409592182,9204783,357238519,123964515
795,3/27/22,7409496897,8449307,357870112,124183683
796,3/28/22,7408779062,7322845,359239293,124658799
797,3/29/22,7406986846,7363239,360539821,125110093
798,3/30/22,7405421550,7330860,361725913,125521676
799,3/31/22,7404020175,7168964,362886464,125924396
800,4/1/22,7402162291,7607826,363939927,126289955
801,4/2/22,7400721369,8176087,364587778,126514765
802,4/3/22,7400999860,7204451,365102360,126693328
803,4/4/22,7400825187,6145774,366017982,127011056
804,4/5/22,7399824115,5781449,367031634,127362801
805,4/6/22,7398802018,5583575,367937323,127677083
806,4/7/22,7397722722,5384524,368886351,128006402
807,4/8/22,7396142639,5790210,369758207,128308943
808,4/9/22,7394919132,6271462,370309247,128500158
809,4/10/22,7394848614,5780367,370726180,128644838
810,4/11/22,7394666071,4976583,371458416,128898929
811,4/12/22,7393780129,4742939,372289581,129187350
812,4/13/22,7392863864,4584178,373087666,129464291
813,4/14/22,7392000632,4484807,373802289,129712271
814,4/15/22,7391121299,4705155,374291510,129882035
815,4/16/22,7390469468,4802527,374703132,130024871
816,4/17/22,7390493576,4370658,375005849,130129916
817,4/18/22,7390748139,3658834,375345314,130247712
818,4/19/22,7390347783,3041069,376101153,130509994
819,4/20/22,7389330549,3096587,376815117,130757746
820,4/21/22,7388106118,3399318,377499375,130995188
821,4/22/22,7386907367,3766560,378116676,131209396
822,4/23/22,7386004845,4190307,378472112,131332735
823,4/24/22,7385617978,4211821,378743345,131426855
824,4/25/22,7385633739,3559053,379216249,131590957
825,4/26/22,7385179505,3234343,379794527,131791624
826,4/27/22,7384637867,3091588,380302611,131967933
827,4/28/22,7384025708,2944472,380866287,132163532
828,4/29/22,7383100765,3224972,381344712,132329550
829,4/30/22,7382467935,3504062,381607324,132420678
830,5/1/22,7382441780,3220796,381837034,132500389
831,5/2/22,7382463874,2751272,382169200,132615653
832,5/3/22,7382028782,2514309,382668124,132788784
833,5/4/22,7381488507,2427089,383133968,132950435
834,5/5/22,7380905821,2410141,383579128,133104909
835,5/6/22,7380029040,2656035,384047490,133267434
836,5/7/22,7379368241,2977501,384299406,133354851
837,5/8/22,7379197485,2869404,384506422,133426688
838,5/9/22,7378900260,2476202,385018986,133604551
839,5/10/22,7378196067,2539134,385495049,133769749
840,5/11/22,7377459731,2580761,386010792,133948715
841,5/12/22,7376743264,2644583,386495306,134116846
842,5/13/22,7375856991,2957895,386920665,134264448
843,5/14/22,7375124157,3252003,387246369,134377470
844,5/15/22,7375002206,3000302,387523763,134473728
845,5/16/22,7374679385,2732693,387962090,134625831
846,5/17/22,7374175298,2628414,388413733,134782554
847,5/18/22,7373458966,2584135,388978400,134978498
848,5/19/22,7372675248,2771785,389420913,135132053
849,5/20/22,7371891794,2929127,389885729,135293349
850,5/21/22,7371272171,3181587,390158306,135387935
851,5/22/22,7371179624,2958320,390392762,135469293
852,5/23/22,7370979028,2665768,390758868,135596335
853,5/24/22,7370651899,2398305,391200285,135749510
854,5/25/22,7370009416,2396829,391678352,135915402
855,5/26/22,7369488831,2414676,392051578,136044914
856,5/27/22,7368783600,2550251,392474482,136191666
857,5/28/22,7368200729,2804093,392718749,136276428
858,5/29/22,7368088153,2639974,392924163,136347709
859,5/30/22,7368061699,2322077,393179805,136436418
860,5/31/22,7367735962,2022469,393644052,136597516
861,6/1/22,7366914948,2145076,394162540,136777435
862,6/2/22,7366255457,2273827,394556554,136914161
863,6/3/22,7365510192,2475538,394960081,137054188
864,6/4/22,7364990252,2742397,395147965,137119385
865,6/5/22,7364818535,2651127,395343203,137187134
866,6/6/22,7364745984,2288769,395666074,137299172
867,6/7/22,7364397822,2025271,396120162,137456744
868,6/8/22,7363610323,2106191,396644716,137638769
869,6/9/22,7362882253,2269216,397064198,137784332
870,6/10/22,7362013526,2581180,397477531,137927762
871,6/11/22,7361435959,2874956,397688213,138000871
872,6/12/22,7361388829,2723838,397835390,138051942
873,6/13/22,7361274424,2310426,398227234,138187915
874,6/14/22,7360596133,2131664,398863499,138408703
875,6/15/22,7359582032,2423672,399399570,138594725
876,6/16/22,7358833860,2589002,399832264,138744873
877,6/17/22,7358001796,2888053,400227966,138882184
878,6/18/22,7357438440,3222818,400397669,138941072
879,6/19/22,7357469167,2923592,400596999,139010241
880,6/20/22,7357302517,2335038,401157652,139204792
881,6/21/22,7356453342,2368149,401763486,139415022
882,6/22/22,7355414301,2601371,402361715,139622612
883,6/23/22,7354357864,2874177,402943472,139824486
884,6/24/22,7353025490,3429217,403520554,140024738
885,6/25/22,7352199732,3938052,403755834,140106381
886,6/26/22,7352351249,3499771,403968723,140180256
887,6/27/22,7352008165,2970471,404616369,140404994
888,6/28/22,7350999645,3037036,405315664,140647654
889,6/29/22,7349908506,3195360,406008173,140887960
890,6/30/22,7348674842,3350841,406808601,141165715
891,7/1/22,7346962408,4112101,407514739,141410751
892,7/2/22,7345938561,4776511,407781580,141503347
893,7/3/22,7346093024,4263564,408047714,141595697
894,7/4/22,7345824405,3680093,408680294,141815207
895,7/5/22,7344699838,3599368,409575086,142125707
896,7/6/22,7343347409,3726477,410484747,142441366
897,7/7/22,7342020140,4000623,411266571,142712665
898,7/8/22,7340319806,4694309,412013893,142971991
899,7/9/22,7339167802,5342473,412387936,143101788
900,7/10/22,7339093184,4994223,412701868,143210724
901,7/11/22,7338822330,4211799,413483807,143482063
902,7/12/22,7337771349,4039757,414391762,143797131
903,7/13/22,7336174374,4209657,415451203,144164765
904,7/14/22,7334751579,4630084,416195348,144422988
905,7/15/22,7333250513,5128612,416939618,144681256
906,7/16/22,7332117840,5708282,417350160,144823717
907,7/17/22,7332158673,5208007,417691243,144942076
908,7/18/22,7331724211,4444426,418580654,145250708
909,7/19/22,7330408464,4215394,419727477,145648664
910,7/20/22,7328263957,4757805,420916851,146061386
911,7/21/22,7326510327,5357363,421773618,146358691
912,7/22/22,7324813959,5958432,422586753,146640855
913,7/23/22,7323541282,6594289,423059519,146804909
914,7/24/22,7323551414,6033066,423468642,146946877
915,7/25/22,7323571403,5039378,424191502,147197716
916,7/26/22,7323003140,4410981,425079886,147505992
917,7/27/22,7321533927,4453569,426138993,147873510
918,7/28/22,7320086468,4784895,426967595,148161041
919,7/29/22,7318231750,5264208,427988677,148515364
920,7/30/22,7316831185,6088522,428416477,148663815
921,7/31/22,7316683876,5691074,428820897,148804152
922,8/1/22,7316462561,5039171,429469163,149029104
923,8/2/22,7315825389,4485764,430353032,149335814
924,8/3/22,7314595463,4560210,431210844,149633482
925,8/4/22,7313361208,4340285,432290408,150008098
926,8/5/22,7311581946,5218214,432959545,150240294
927,8/6/22,7310047049,5574790,433834314,150543846
928,8/7/22,7309244022,5879893,434203966,150672118
929,8/8/22,7309120440,5187238,434809929,150882392
930,8/9/22,7308419447,4847995,435582186,151150371
931,8/10/22,7307806354,4434051,436344644,151414950
932,8/11/22,7306675176,4559755,437091094,151673974
933,8/12/22,7306095044,4386908,437650096,151867951
934,8/13/22,7305203425,4641963,438122672,152031939
935,8/14/22,7304922344,4462290,438464730,152150635
936,8/15/22,7304646543,3882808,439099680,152370968
937,8/16/22,7303734990,3711054,439903912,152650043
938,8/17/22,7302666640,3788887,440639258,152905214
939,8/18/22,7301484341,4026425,441340636,153148597
940,8/19/22,7300374676,4334622,441935635,153355066
941,8/20/22,7299459534,4675336,442362082,153503047
942,8/21/22,7299255855,4394481,442721794,153627869
943,8/22/22,7299143473,3795708,443249745,153811073
944,8/23/22,7298533682,3516346,443909840,154040131
945,8/24/22,7297704719,3460738,444566534,154268008
946,8/25/22,7296756611,3543841,445208701,154490846
947,8/26/22,7295763679,3834418,445730120,154671782
948,8/27/22,7295093179,4052239,446066183,154788398
949,8/28/22,7294945410,3793763,446367773,154893053
950,8/29/22,7294851180,3310855,446796233,155041731
951,8/30/22,7294410717,3003422,447351461,155234399
952,8/31/22,7293774647,2886313,447910610,155428429
953,9/1/22,7293044059,2937137,448415258,155603545
954,9/2/22,7292159491,3164222,448903364,155772922
955,9/3/22,7291531571,3415460,449183008,155869960
956,9/4/22,7291361637,3215004,449457979,155965378
957,9/5/22,7291281355,2837497,449797836,156083311
958,9/6/22,7290902895,2542108,450298093,156256903
959,9/7/22,7290292261,2536193,450755810,156415735
960,9/8/22,7289749235,2495259,451189334,156566171
961,9/9/22,7289016329,2702537,451579553,156701580
962,9/10/22,7288547858,2857776,451812092,156782273
963,9/11/22,7288378123,2713218,452045419,156863239
964,9/12/22,7288252597,2353662,452405537,156988203
965,9/13/22,7287835587,2222195,452812719,157129498
966,9/14/22,7287173045,2186712,453330923,157309319
967,9/15/22,7286389350,2359109,453784742,157466798
968,9/16/22,7285635388,2657175,454123193,157584243
969,9/17/22,7285198688,2798778,454342269,157660264
970,9/18/22,7285134096,2608793,454531264,157725846
971,9/19/22,7285011144,2314893,454840729,157833233
972,9/20/22,7284738708,2033720,455251720,157975851
973,9/21/22,7284278219,1976031,455636409,158109340
974,9/22/22,7283596297,2038313,456096421,158268968
975,9/23/22,7282753693,2362856,456481022,158402428
976,9/24/22,7282225044,2626340,456677877,158470738
977,9/25/22,7282153808,2474653,456843372,158528166
978,9/26/22,7282061814,2143967,457157164,158637054
979,9/27/22,7281557773,2048469,457602253,158791504
980,9/28/22,7281027916,2028368,458010535,158933180
981,9/29/22,7280351886,2060265,458488730,159099118
982,9/30/22,7279500395,2439233,458839525,159220846
983,10/1/22,7279009738,2688833,459018482,159282946
984,10/2/22,7278990652,2507210,459167486,159334651
985,10/3/22,7279069616,2108380,459404950,159417053
986,10/4/22,7278699519,1878288,459850522,159571670
987,10/5/22,7278160459,1834344,460283336,159721860
988,10/6/22,7277409375,1944825,460758911,159886888
989,10/7/22,7276434602,2344371,461185952,160035074
990,10/8/22,7275841067,2718889,461348547,160091496
991,10/9/22,7275722964,2618040,461511094,160147901
992,10/10/22,7275650568,2236803,461847865,160264763
993,10/11/22,7275089732,2107432,462360265,160442570
994,10/12/22,7274489745,2157036,462768862,160584356
995,10/13/22,7273851695,2132192,463260985,160755127
996,10/14/22,7272929923,2576069,463615768,160878239
997,10/15/22,7272452891,2835012,463777674,160934422
998,10/16/22,7272496265,2599468,463920338,160983928
999,10/17/22,7272517807,2101431,464274082,161106679
1000,10/18/22,7271962985,2027543,464740827,161268644
1001,10/19/22,7271470210,1993359,465132034,161404396
1002,10/20/22,7270825758,2042423,465574042,161557776
1003,10/21/22,7270017245,2419722,465894170,161668862
1004,10/22/22,7269595860,2658766,466029537,161715836
1005,10/23/22,7269729214,2364612,466148913,161757260
1006,10/24/22,7269811140,1896702,466435462,161856695
1007,10/25/22,7269357166,1755727,466877144,162009962
1008,10/26/22,7268890581,1755288,467223856,162130274
1009,10/27/22,7268383898,1791098,467573426,162251577
1010,10/28/22,7267731518,2079630,467843542,162345309
1011,10/29/22,7267329361,2282678,467991357,162396603
1012,10/30/22,7267348923,2095803,468115568,162439705
1013,10/31/22,7267476246,1668167,468338517,162517069
1014,11/1/22,7267241321,1501456,468636686,162620536
1015,11/2/22,7266962228,1432219,468895281,162710271
1016,11/3/22,7266484139,1416701,469261728,162837431
1017,11/4/22,7265745151,1711199,469591711,162951938
1018,11/5/22,7265266652,1988376,469741170,163003801
1019,11/6/22,7265179000,1889385,469879731,163051883
1020,11/7/22,7265089396,1674392,470105860,163130351
1021,11/8/22,7264682313,1630659,470440539,163246488
1022,11/9/22,7264291079,1587868,470762754,163358298
1023,11/10/22,7263841144,1577403,471104548,163476904
1024,11/11/22,7263093692,1836481,471467110,163602716
1025,11/12/22,7262549454,2138212,471647144,163665189
1026,11/13/22,7262428035,2076122,471783379,163712463
1027,11/14/22,7262348503,1808815,472040867,163801814
1028,11/15/22,7261931940,1721629,472414844,163931586
1029,11/16/22,7261402275,1764978,472775878,164056868
1030,11/17/22,7260924984,1762920,473131740,164180355
1031,11/18/22,7260057418,1999762,473599981,164342838
1032,11/19/22,7259362848,2446977,473783614,164406560
1033,11/20/22,7259239901,2347493,473948744,164463861
1034,11/21/22,7259179637,2066175,474202329,164551858
1035,11/22/22,7258750144,1921441,474628628,164699786
1036,11/23/22,7258064492,2016319,475067210,164851978
1037,11/24/22,7257684051,1976369,475379303,164960276
1038,11/25/22,7256812824,2149405,475897630,165140140
1039,11/26/22,7256066438,2625165,476098539,165209857
1040,11/27/22,7255873933,2554209,476294129,165277728
1041,11/28/22,7255778910,2243443,476595381,165382265
1042,11/29/22,7255233200,2058458,477137839,165570502
1043,11/30/22,7254387115,2368762,477535595,165708527
1044,12/1/22,7253843284,2206352,478059899,165890464
1045,12/2/22,7252646078,2641967,478625294,166086660
1046,12/3/22,7251848039,3140097,478847942,166163921
1047,12/4/22,7251696772,3034217,479038844,166230166
1048,12/5/22,7251664831,2560669,479414112,166360387
1049,12/6/22,7251070613,2530377,479877740,166521269
1050,12/7/22,7250518852,2448646,480348036,166684465
1051,12/8/22,7249837849,2320547,480948702,166892901
1052,12/9/22,7248658204,2829740,481446436,167065619
1053,12/10/22,7247970222,3243045,481650353,167136379
1054,12/11/22,7247901800,3012233,481872500,167213466
1055,12/12/22,7247654323,2686957,482297704,167361015
1056,12/13/22,7246936989,2626218,482875335,167561457
1057,12/14/22,7246282270,2595189,483384425,167738115
1058,12/15/22,7245516268,2610485,483941738,167931508
1059,12/16/22,7244308182,3086514,484485208,168120095
1060,12/17/22,7243574886,3519337,484708275,168197501
1061,12/18/22,7243563442,3247057,484918907,168270593
1062,12/19/22,7243471380,2752708,485354251,168421660
1063,12/20/22,7242861837,2653371,485880514,168604277
1064,12/21/22,7242182891,2611545,486415605,168789958
1065,12/22/22,7241436210,2600260,486978308,168985221
1066,12/23/22,7240337272,3057753,487454508,169150466
1067,12/24/22,7239635172,3415474,487710171,169239182
1068,12/25/22,7239690910,3173442,487848473,169287174
1069,12/26/22,7239694091,2650856,488234072,169420980
1070,12/27/22,7239241303,2449489,488719707,169589500
1071,12/28/22,7238707981,2345678,489192705,169753634
1072,12/29/22,7238041010,2341365,489691058,169926566
1073,12/30/22,7237132001,2668271,490123203,170076524
1074,12/31/22,7236472128,3064080,490319241,170144550
1075,1/1/23,7236412874,2808739,490552792,170225594
1076,1/2/23,7236332713,2469179,490864387,170333720
1077,1/3/23,7236087339,2251768,491207952,170452940
1078,1/4/23,7235725387,2043268,491631448,170599896
1079,1/5/23,7235001788,2031617,492177288,170789306
1080,1/6/23,7233811748,2502803,492710955,170974493
1081,1/7/23,7233050444,2907062,492976020,171066473
1082,1/8/23,7232785670,2844386,493219115,171150828
1083,1/9/23,7232572013,2709051,493478201,171240734
1084,1/10/23,7232398532,2487591,493771400,171342476
1085,1/11/23,7232232292,2147282,494147455,171472970
1086,1/12/23,7231967484,1934977,494501657,171595881
1087,1/13/23,7231411572,2055045,494825222,171708160
1088,1/14/23,7231081826,2163439,494989551,171765183
1089,1/15/23,7231012602,2035799,495135700,171815898
1090,1/16/23,7230996061,1837722,495295029,171871187
1091,1/17/23,7230935899,1545791,495556418,171961891
1092,1/18/23,7230683200,1420771,495836831,172059196
1093,1/19/23,7230416829,1362645,496077734,172142791
1094,1/20/23,7229971963,1465791,496331422,172230823
1095,1/21/23,7229673703,1610647,496445307,172270342
1096,1/22/23,7229620490,1549433,496530256,172299820
1097,1/23/23,7229687102,1311767,496657244,172343886
1098,1/24/23,7229621946,1105103,496859040,172413910
1099,1/25/23,7229380404,1052425,497077464,172489706
1100,1/26/23,7229146155,1004925,497286631,172562288
1101,1/27/23,7228779886,1133270,497463263,172623580
1102,1/28/23,7228523026,1256767,497562269,172657937
1103,1/29/23,7228436870,1219076,497654212,172689841
1104,1/30/23,7228424965,1071103,497772903,172731028
1105,1/31/23,7228328650,936761,497944140,172790448
1106,2/1/23,7228081927,885669,498165233,172867170
1107,2/2/23,7227762951,945560,498357574,172933914
1108,2/3/23,7227399170,1071282,498534306,172995241
1109,2/4/23,7227182219,1185494,498610578,173021708
1110,2/5/23,7227150169,1128355,498676791,173044684
1111,2/6/23,7227145650,986887,498785170,173082292
1112,2/7/23,7227099701,835059,498931997,173133242
1113,2/8/23,7226930911,773751,499102818,173192519
1114,2/9/23,7226679969,765790,499295024,173259216
1115,2/10/23,7226381722,921954,499400505,173295818
1116,2/11/23,7226196621,974848,499498653,173329877
1117,2/12/23,7226132755,961068,499556297,173349879
1118,2/13/23,7226114932,840937,499658712,173385418
1119,2/14/23,7226013476,748793,499802438,173435292
1120,2/15/23,7225838871,683490,499980542,173497096
1121,2/16/23,7225533153,781315,500134879,173550652
1122,2/17/23,7225264166,857001,500278383,173600449
1123,2/18/23,7225057548,972656,500345913,173623882
1124,2/19/23,7225018106,925665,500410079,173646149
1125,2/20/23,7225037913,818498,500474934,173668654
1126,2/21/23,7225010329,665950,500608662,173715058
1127,2/22/23,7224791987,638189,500791365,173778458
1128,2/23/23,7224518093,690991,500955501,173835414
1129,2/24/23,7224245538,821120,501061236,173872105
1130,2/25/23,7224144094,877113,501094978,173883814
1131,2/26/23,7224120382,835204,501143694,173900719
1132,2/27/23,7224107868,720693,501237996,173933442
1133,2/28/23,7224076147,601615,501349947,173972290
1134,3/1/23,7223925826,531322,501513728,174029123
1135,3/2/23,7223658579,609510,501654083,174077827
1136,3/3/23,7223332302,753118,501789694,174124885
1137,3/4/23,7223161059,870166,501829927,174138847
1138,3/5/23,7223177763,797336,501871594,174153306
1139,3/6/23,7223214396,702663,501914683,174168257
1140,3/7/23,7223246533,540089,502011517,174201860
1141,3/8/23,7223125709,481467,502144735,174248088
1142,3/9/23,7222951607,478244,502276379,174293769
