time,Date,S,E,I,R
0,2020-01-22,7899999398.727031,68.2729690300366,488.0,45.0
1,2020-01-23,7899998941.374163,448.62583728459134,562.0,48.0
2,2020-01-24,7899997812.517486,1322.4825145494863,804.0,61.0
3,2020-01-25,7899996308.099794,2368.9002059515074,1243.0,80.0
4,2020-01-26,7899994813.57733,3242.4226701132525,1840.0,104.0
5,2020-01-27,7899993312.147202,3983.852798282877,2565.0,139.0
6,2020-01-28,7899981657.025633,13074.974366685152,5039.0,229.0
7,2020-01-29,7899991439.545918,2853.454081960881,5457.0,250.0
8,2020-01-30,7899982116.724212,10272.275788324747,7307.0,304.0
9,2020-01-31,7899982513.50145,8341.498550412396,8731.0,414.0
10,2020-02-01,7899977795.005718,11048.99428153008,10643.0,513.0
11,2020-02-02,7899960197.5076475,23991.492352049547,15021.0,790.0
12,2020-02-03,7899964730.6169195,16462.383080471518,17815.0,992.0
13,2020-02-04,7899956340.38358,20980.616419817914,21412.0,1267.0
14,2020-02-05,7899953552.504509,20111.49549127288,24742.0,1594.0
15,2020-02-06,7899953480.920481,17113.07951943636,27398.0,2008.0
16,2020-02-07,7899948437.459101,18692.5408994893,30289.0,2581.0
17,2020-02-08,7899949821.874453,14656.125547489064,32316.0,3206.0
18,2020-02-09,7899945243.474477,16255.525523504584,34599.0,3902.0
19,2020-02-10,7899945258.021494,13747.97850573625,36332.0,4662.0
20,2020-02-11,7899945753.717433,11266.282566685295,37535.0,5445.0
21,2020-02-12,7899951652.013097,5019.986903557526,37490.0,5838.0
22,2020-02-13,7899865536.400276,76026.59972428014,51261.0,7176.0
23,2020-02-14,7899904334.6830225,30784.316977812898,55855.0,9026.0
24,2020-02-15,7899922118.9221,10965.077899975631,56468.0,10448.0
25,2020-02-16,7899920180.596745,10814.403255385529,57035.0,11970.0
26,2020-02-17,7899920269.932358,8812.067642645501,57197.0,13721.0
27,2020-02-18,7899919679.005419,7631.994581641068,57125.0,15564.0
28,2020-02-19,7899925997.792614,909.2073863062524,55747.0,17346.0
29,2020-02-20,7899926452.0,0.0,54085.0,19463.0
30,2020-02-21,7899919349.07538,6656.924619818061,53908.0,20086.0
31,2020-02-22,7899924559.0,0.0,51211.0,24230.0
32,2020-02-23,7899919416.0771,5118.922900252562,50813.0,24652.0
33,2020-02-24,7899924309.0,0.0,49100.0,26591.0
34,2020-02-25,7899923768.0,0.0,46945.0,29287.0
35,2020-02-26,7899923344.0,0.0,44992.0,31664.0
36,2020-02-27,7899922908.0,0.0,42639.0,34453.0
37,2020-02-28,7899922570.0,0.0,39593.0,37837.0
38,2020-02-29,7899922115.0,0.0,37069.0,40816.0
39,2020-03-01,7899921509.0,0.0,34837.0,43654.0
40,2020-03-02,7899921281.0,0.0,32361.0,46358.0
41,2020-03-03,7899921136.0,0.0,29917.0,48947.0
42,2020-03-04,7899920955.0,0.0,27532.0,51513.0
43,2020-03-05,7899920741.0,0.0,25428.0,53831.0
44,2020-03-06,7899920469.0,0.0,24040.0,55491.0
45,2020-03-07,7899920256.0,0.0,22638.0,57106.0
46,2020-03-08,7899920083.0,0.0,20939.0,58978.0
47,2020-03-09,7899919922.0,0.0,19664.0,60414.0
48,2020-03-10,7899919732.0,0.0,18465.0,61803.0
49,2020-03-11,7899919375.0,0.0,17320.0,63305.0
50,2020-03-12,7899919208.0,0.0,16210.0,64582.0
51,2020-03-13,7899918365.0,0.0,15733.0,65902.0
52,2020-03-14,7899917832.0,0.0,14796.0,67372.0
53,2020-03-15,7899917159.0,0.0,14083.0,68758.0
54,2020-03-16,7899915025.225202,1327.774798609121,13958.0,69689.0
55,2020-03-17,7899912530.540139,2749.459860493661,14113.0,70607.0
56,2020-03-18,7899911336.274789,2755.7252115030165,14265.0,71643.0
57,2020-03-19,7899907068.860517,5501.139483794994,14947.0,72483.0
58,2020-03-20,7899902265.597804,8346.4021954949,16164.0,73224.0
59,2020-03-21,7899898401.918801,9781.08119895995,17627.0,74190.0
60,2020-03-22,7899887961.84682,16760.15318025612,20408.0,74870.0
61,2020-03-23,7899886918.513686,14954.48631365101,22762.0,75365.0
62,2020-03-24,7899882805.029613,15766.970387801686,25210.0,76218.0
63,2020-03-25,7899882241.678603,13606.321396547386,27171.0,76981.0
64,2020-03-26,7899864865.492052,25851.507948061437,31461.0,77822.0
65,2020-03-27,7899865648.199488,20797.800512007783,34651.0,78903.0
66,2020-03-28,7899853953.219683,27257.780317276145,39011.0,79778.0
67,2020-03-29,7899854222.53772,22419.46227997926,42311.0,81047.0
68,2020-03-30,7899848423.927419,23503.072581314827,45732.0,82341.0
69,2020-03-31,7899841314.164777,25456.835223043054,49440.0,83789.0
70,2020-04-01,7899835180.308399,26309.69160040028,53213.0,85297.0
71,2020-04-02,7899823171.128686,31992.87131369425,57989.0,86847.0
72,2020-04-03,7899819688.295003,29782.704996953744,62205.0,88324.0
73,2020-04-04,7899812724.80797,30727.19203034249,66490.0,90058.0
74,2020-04-05,7899815217.735989,23596.264011638657,69271.0,91915.0
75,2020-04-06,7899807394.427568,26308.572431462653,72504.0,93793.0
76,2020-04-07,7899795821.132825,31756.867174846473,76709.0,95713.0
77,2020-04-08,7899789118.392878,32067.607122476966,80860.0,97954.0
78,2020-04-09,7899782275.560594,31990.439406099584,84883.0,100851.0
79,2020-04-10,7899777494.483014,30137.516985943275,88436.0,103932.0
80,2020-04-11,7899772031.732809,29961.267190903898,91858.0,106149.0
81,2020-04-12,7899762455.398116,33400.60188389998,95856.0,108288.0
82,2020-04-13,7899757252.34463,32957.65537000905,99659.0,110131.0
83,2020-04-14,7899766664.132285,17550.86771480226,100361.0,115424.0
84,2020-04-15,7899774938.0,0.0,96486.0,128576.0
85,2020-04-16,7899732629.140523,34921.8594769453,100654.0,131795.0
86,2020-04-17,7899721533.80785,36872.19215046821,105088.0,136506.0
87,2020-04-18,7899709302.983024,41111.01697603446,110226.0,139360.0
88,2020-04-19,7899743593.0,0.0,106563.0,149844.0
89,2020-04-20,7899691749.84358,44432.15641978754,112307.0,151511.0
90,2020-04-21,7899694887.775638,34488.224362137385,115960.0,154664.0
91,2020-04-22,7899694162.790554,27685.209446024644,118190.0,159962.0
92,2020-04-23,7899667081.46052,44799.539480238105,123689.0,164430.0
93,2020-04-24,7899651233.962909,50498.037090885606,130147.0,168121.0
94,2020-04-25,7899636859.825005,53519.174995058456,137017.0,172604.0
95,2020-04-26,7899635811.849238,46061.150761380486,142249.0,175878.0
96,2020-04-27,7899619007.542519,53675.45748165994,148820.0,178497.0
97,2020-04-28,7899604658.8436,57144.156399969914,155887.0,182310.0
98,2020-04-29,7899587680.9213,62219.07870020383,163749.0,186351.0
99,2020-04-30,7899568112.1367235,68530.86327625014,172625.0,190732.0
100,2020-05-01,7899570128.76596,55576.23403987646,178739.0,195556.0
101,2020-05-02,7899551152.583907,62229.41609257221,185981.0,200637.0
102,2020-05-03,7899550856.561974,52582.438026890304,191149.0,205412.0
103,2020-05-04,7899527782.255873,63749.74412733347,198349.0,210119.0
104,2020-05-05,7899512357.024853,66627.97514729903,205913.0,215102.0
105,2020-05-06,7899475194.938855,86087.06114498494,217057.0,221661.0
106,2020-05-07,7899472531.578189,72997.42181124545,225351.0,229120.0
107,2020-05-08,7899442367.11321,85660.8867903937,235883.0,236089.0
108,2020-05-09,7899418341.905184,92305.09481635386,247421.0,241932.0
109,2020-05-10,7899421941.138643,74798.86135708507,255239.0,248021.0
110,2020-05-11,7899405368.757302,78303.24269797014,263526.0,252802.0
111,2020-05-12,7899394933.762721,73423.23727940788,270638.0,261005.0
112,2020-05-13,7899360560.525942,88167.47405788528,280425.0,270847.0
113,2020-05-14,7899301719.709475,125819.29052567214,297271.0,275190.0
114,2020-05-15,7899277867.707715,123627.29228527956,313232.0,285273.0
115,2020-05-16,7899255587.131265,121876.86873546426,328418.0,294118.0
116,2020-05-17,7899278319.741066,83802.25893404258,335783.0,302095.0
117,2020-05-18,7899222373.233018,116946.76698200546,349396.0,311284.0
118,2020-05-19,7899189838.080478,123944.91952240435,364000.0,322217.0
119,2020-05-20,7899135092.709054,145247.29094590884,382351.0,337309.0
120,2020-05-21,7899121216.280126,129814.71987444784,397200.0,351769.0
121,2020-05-22,7899068955.215403,149182.78459769386,415413.0,366449.0
122,2020-05-23,7899013758.020713,170398.9792871634,437258.0,378585.0
123,2020-05-24,7899029391.618837,129339.3811627297,450520.0,390749.0
124,2020-05-25,7898985749.124926,148685.87507438046,467185.0,398380.0
125,2020-05-26,7898955670.033469,152214.96653067053,484083.0,408032.0
126,2020-05-27,7898922664.41411,154157.58588970554,500899.0,422279.0
127,2020-05-28,7898849466.907122,187036.09287798114,523654.0,439843.0
128,2020-05-29,7898826996.199306,170975.80069402626,542665.0,459363.0
129,2020-05-30,7898680731.306918,264056.6930821542,579268.0,475944.0
130,2020-05-31,7898766712.465277,152419.53472338393,593155.0,487713.0
131,2020-06-01,7898715153.085615,175800.9143847454,611213.0,497833.0
132,2020-06-02,7898834035.192608,13351.807392506325,597174.0,555439.0
133,2020-06-03,7898642859.082656,165147.91734398348,613050.0,578943.0
134,2020-06-04,7898579595.1777315,183636.82226878047,632091.0,604677.0
135,2020-06-05,7898504034.244654,213598.75534627936,656443.0,625924.0
136,2020-06-06,7898438754.543496,232574.45650408967,683824.0,644847.0
137,2020-06-07,7898454829.760759,184055.23924064808,701020.0,660095.0
138,2020-06-08,7898609044.0,0.0,627577.0,763379.0
139,2020-06-09,7898398147.689279,167083.31072182706,643002.0,791767.0
140,2020-06-10,7898316632.446402,199669.55359876584,664347.0,819351.0
141,2020-06-11,7898289773.671903,182836.32809746728,681836.0,845554.0
142,2020-06-12,7898257784.187788,174103.81221165988,697150.0,870962.0
143,2020-06-13,7898230175.001677,163339.9983233229,709953.0,896532.0
144,2020-06-14,7898206291.840598,154733.15940148642,720733.0,918242.0
145,2020-06-15,7898106187.0580015,214825.94199810148,742911.0,936076.0
146,2020-06-16,7898117905.555253,151788.4447474245,752221.0,978085.0
147,2020-06-17,7898226382.0,0.0,731530.0,1042088.0
148,2020-06-18,7898012783.133542,173402.86645775195,745355.0,1068459.0
149,2020-06-19,7897806133.355245,307031.6447555549,784802.0,1102033.0
150,2020-06-20,7897707052.706893,326947.29310715524,827050.0,1138950.0
151,2020-06-21,7898038412.0,0.0,801627.0,1159961.0
152,2020-06-22,7897782620.060401,212609.9395990435,821172.0,1183598.0
153,2020-06-23,7897746794.476333,194666.5236672489,836694.0,1221845.0
154,2020-06-24,7897726357.929595,159363.0704051305,844925.0,1269354.0
155,2020-06-25,7897575585.103149,252261.8968503608,871006.0,1301147.0
156,2020-06-26,7897527445.2164,239894.7835998993,893971.0,1338689.0
157,2020-06-27,7897514833.965305,200210.0346946741,908590.0,1376366.0
158,2020-06-28,7897453229.920017,214298.0799829681,925552.0,1406920.0
159,2020-06-29,7897434416.260408,196707.73959152307,938630.0,1430246.0
160,2020-06-30,7897394481.871289,183097.12871039315,948704.0,1473717.0
161,2020-07-01,7897297116.02311,219755.97688993532,965636.0,1517492.0
162,2020-07-02,7897458284.0,0.0,868943.0,1672773.0
163,2020-07-03,7897188518.732046,211578.26795393668,886455.0,1713448.0
164,2020-07-04,7897085199.209342,266804.79065814655,914235.0,1733761.0
165,2020-07-05,7897237228.655665,75976.34433414972,904132.0,1782663.0
166,2020-07-06,7897185897.894923,89119.10507632719,896861.0,1828122.0
167,2020-07-07,7897068481.432764,144558.56723618074,900574.0,1886386.0
168,2020-07-08,7896983361.67648,169924.3235195818,909121.0,1937593.0
169,2020-07-09,7896901048.007235,193894.9927656306,922099.0,1982958.0
170,2020-07-10,7896895898.354344,140050.64565588787,924248.0,2039803.0
171,2020-07-11,7896803526.879727,182925.12027252995,934680.0,2078868.0
172,2020-07-12,7896809139.767177,140762.23282327468,936625.0,2113473.0
173,2020-07-13,7896798289.493908,115396.50609221238,933582.0,2152732.0
174,2020-07-14,7896672295.443821,184472.55617923237,944061.0,2199171.0
175,2020-07-15,7896593144.693736,208338.30626427056,958898.0,2239619.0
176,2020-07-16,7896611900.659385,129121.34061533533,957919.0,2301059.0
177,2020-07-17,7896507197.911959,182686.08804104317,967388.0,2342728.0
178,2020-07-18,7896463173.207902,186323.79209802867,977307.0,2373196.0
179,2020-07-19,7896395089.223398,217553.77660212156,993032.0,2394325.0
180,2020-07-20,7896575383.0,0.0,965277.0,2459340.0
181,2020-07-21,7896330877.705812,181834.29418747348,974380.0,2512908.0
182,2020-07-22,7896117368.555231,312818.4447684621,1008719.0,2561094.0
183,2020-07-23,7896042022.29102,313695.7089799036,1042294.0,2601988.0
184,2020-07-24,7896198054.67828,84342.32172054246,1030333.0,2687270.0
185,2020-07-25,7896219612.0,0.0,989809.0,2790579.0
186,2020-07-26,7896051446.489229,131888.51077121927,988527.0,2828138.0
187,2020-07-27,7895997216.971583,141624.0284166341,989174.0,2871985.0
188,2020-07-28,7895748485.186148,320495.8138525648,1024604.0,2906415.0
189,2020-07-29,7895832866.950008,163818.04999118496,1028587.0,2974728.0
190,2020-07-30,7895633034.015832,288210.98416841304,1056663.0,3022092.0
191,2020-07-31,7895678815.395733,172358.60426720677,1061435.0,3087391.0
192,2020-08-01,7895542792.649207,251615.3507931916,1081497.0,3124095.0
193,2020-08-02,7895588283.836978,168786.16302202592,1084898.0,3158032.0
194,2020-08-03,7895633578.109827,90600.89017291831,1072995.0,3202826.0
195,2020-08-04,7895495251.002875,156144.9971251155,1074168.0,3274436.0
196,2020-08-05,7895285438.387835,292408.61216531746,1101820.0,3320333.0
197,2020-08-06,7895254962.883346,250974.116654227,1120658.0,3373405.0
198,2020-08-07,7895216999.916417,221480.08358287672,1133245.0,3428275.0
199,2020-08-08,7895217619.361621,158822.63837863004,1133299.0,3490259.0
200,2020-08-09,7895215211.755858,125179.2441411054,1126806.0,3532803.0
201,2020-08-10,7895128192.0836935,167661.91630635038,1128755.0,3575391.0
202,2020-08-11,7895228304.0,0.0,1055256.0,3716440.0
203,2020-08-12,7895006029.717529,149623.2824708503,1055643.0,3788704.0
204,2020-08-13,7894676026.877487,401548.12251264026,1105033.0,3817392.0
205,2020-08-14,7895010972.0,0.0,1059902.0,3929126.0
206,2020-08-15,7894647411.814883,310782.18511630833,1091517.0,3950289.0
207,2020-08-16,7894813527.836518,107995.16348189792,1082818.0,3995659.0
208,2020-08-17,7894841327.590042,43413.409957728705,1061791.0,4053468.0
209,2020-08-18,7894678737.965145,139754.03485524838,1060080.0,4121428.0
210,2020-08-19,7894612222.75234,141226.24765991356,1058702.0,4187849.0
211,2020-08-20,7894542000.738503,150578.26149631807,1059181.0,4248240.0
212,2020-08-21,7894382877.400492,259220.59950852272,1080784.0,4277118.0
213,2020-08-22,7894491542.002115,88359.99788489514,1068557.0,4351541.0
214,2020-08-23,7894471294.005115,73922.99488561516,1053854.0,4400929.0
215,2020-08-24,7894373829.423125,130265.57687428454,1050513.0,4445392.0
216,2020-08-25,7894354158.813805,86741.1861958133,1038795.0,4520305.0
217,2020-08-26,7894223715.574567,149638.42543361484,1039633.0,4587013.0
218,2020-08-27,7894150990.464655,160919.53534505013,1042643.0,4645447.0
219,2020-08-28,7894039307.009153,207974.99084666884,1054726.0,4697992.0
220,2020-08-29,7894067473.777393,124533.2226063931,1050246.0,4757747.0
221,2020-08-30,7894130558.912858,32560.08714152349,1027994.0,4808887.0
222,2020-08-31,7893848072.118765,247599.88123514125,1048185.0,4856143.0
223,2020-09-01,7894033260.0,0.0,1014282.0,4952458.0
224,2020-09-02,7893793869.9626255,173435.03737443214,1020417.0,5012278.0
225,2020-09-03,7893719673.195465,179710.80453499962,1027606.0,5073010.0
226,2020-09-04,7893671648.777294,168396.22270629456,1032398.0,5127557.0
227,2020-09-05,7893644505.21426,143207.78573990485,1032159.0,5180128.0
228,2020-09-06,7893677565.345186,80986.65481389544,1019821.0,5221627.0
229,2020-09-07,7893685556.434783,46123.56521711421,1001036.0,5267284.0
230,2020-09-08,7893567929.250431,123816.74956916981,997878.0,5310376.0
231,2020-09-09,7893535710.651047,98040.34895329707,989791.0,5376458.0
232,2020-09-10,7893443955.52172,127311.47827966338,987619.0,5441114.0
233,2020-09-11,7893341692.336409,166687.66359150485,993167.0,5498453.0
234,2020-09-12,7893295019.614336,162303.38566378455,997711.0,5544966.0
235,2020-09-13,7893210181.083434,214733.9165658095,1012332.0,5562753.0
236,2020-09-14,7893369472.8366585,15403.163341547934,987774.0,5627350.0
237,2020-09-15,7893221501.910359,107991.08964068626,981898.0,5688609.0
238,2020-09-16,7893105693.875988,165404.12401177193,987352.0,5741550.0
239,2020-09-17,7892997841.179689,212996.8203107934,1001917.0,5787245.0
240,2020-09-18,7892911593.156935,237089.84306495404,1020773.0,5830544.0
241,2020-09-19,7893007178.102869,92993.89713085747,1011081.0,5888747.0
242,2020-09-20,7892981382.456237,85634.54376268903,1000221.0,5932762.0
243,2020-09-21,7893002508.825961,28455.174038729074,978532.0,5990504.0
244,2020-09-22,7892761037.064839,213638.93516089802,993462.0,6031862.0
245,2020-09-23,7892736339.931594,182015.06840628825,1001833.0,6079812.0
246,2020-09-24,7892822052.234935,39006.76506507694,982153.0,6156788.0
247,2020-09-25,7892599710.141159,203870.85884074785,995084.0,6201335.0
248,2020-09-26,7892595564.530078,161024.469921884,999327.0,6244084.0
249,2020-09-27,7892597173.429045,126954.57095560509,996826.0,6279046.0
250,2020-09-28,7892561194.570667,123546.42933241451,993730.0,6321529.0
251,2020-09-29,7892491092.719589,136302.28041113188,993200.0,6379405.0
252,2020-09-30,7892412679.87223,155626.12777083158,996444.0,6435250.0
253,2020-10-01,7892278798.079855,227277.92014488383,1013540.0,6480384.0
254,2020-10-02,7892088487.896763,356029.1032374492,1055220.0,6500263.0
255,2020-10-03,7892397259.0,0.0,1022075.0,6580666.0
256,2020-10-04,7892247527.545254,121810.45474590552,1017954.0,6612708.0
257,2020-10-05,7892136881.343146,182835.65685338955,1025818.0,6654465.0
258,2020-10-06,7892084362.09985,176405.9001501584,1032217.0,6707015.0
259,2020-10-07,7891975245.884506,223591.11549423158,1047622.0,6753541.0
260,2020-10-08,7891959795.434463,179096.56553724612,1053951.0,6807157.0
261,2020-10-09,7891808512.437342,270269.5626580919,1077846.0,6843372.0
262,2020-10-10,7891687896.234215,335157.7657854246,1113715.0,6863231.0
263,2020-10-11,7891854906.049402,128889.95059735225,1108477.0,6907727.0
264,2020-10-12,7891722692.592961,228868.40703873584,1122833.0,6925606.0
265,2020-10-13,7891609181.454217,295819.5457827722,1149824.0,6945175.0
266,2020-10-14,7891454877.7009325,386285.2990670966,1193681.0,6965156.0
267,2020-10-15,7891354606.465434,414702.5345660628,1241873.0,6988818.0
268,2020-10-16,7891278929.237553,419717.7624470084,1289729.0,7011624.0
269,2020-10-17,7891267651.733784,372233.2662161801,1327044.0,7033071.0
270,2020-10-18,7891281684.387834,313338.6121663341,1351885.0,7053092.0
271,2020-10-19,7891128966.74896,414256.25104040495,1395684.0,7061093.0
272,2020-10-20,7891139932.732084,339425.2679161313,1423732.0,7096910.0
273,2020-10-21,7890927331.327748,478415.6722512251,1478058.0,7116195.0
274,2020-10-22,7890859799.666,470154.333999379,1529298.0,7140748.0
275,2020-10-23,7890742141.907858,505248.09214249224,1585971.0,7166639.0
276,2020-10-24,7890727781.076694,447416.92330656794,1629850.0,7194952.0
277,2020-10-25,7890741329.404908,380990.5950920247,1659611.0,7218069.0
278,2020-10-26,7890654493.387392,406181.6126076084,1693463.0,7245862.0
279,2020-10-27,7890984557.0,0.0,1358688.0,7656755.0
280,2020-10-28,7890558782.751159,341959.24884094653,1388236.0,7711022.0
281,2020-10-29,7890389230.275502,424846.7244974583,1433106.0,7752817.0
282,2020-10-30,7890378376.172969,353958.827030921,1462963.0,7804702.0
283,2020-10-31,7890373401.373597,297505.62640315766,1481024.0,7848069.0
284,2020-11-01,7890373180.309994,248607.69000665352,1489080.0,7889132.0
285,2020-11-02,7890375018.9021,203640.09790059738,1488168.0,7933173.0
286,2020-11-03,7890265075.412407,257815.58759331654,1497821.0,7979288.0
287,2020-11-04,7890058281.879265,389113.1207348418,1532756.0,8019849.0
288,2020-11-05,7889915901.326189,455869.6738112329,1579728.0,8048501.0
289,2020-11-06,7890068338.079173,234501.92082701952,1582353.0,8114807.0
290,2020-11-07,7889960826.625071,282490.3749290014,1594243.0,8162440.0
291,2020-11-08,7889909656.853851,288574.1461485361,1606993.0,8194776.0
292,2020-11-09,7889883221.809523,267259.19047704426,1615249.0,8234270.0
293,2020-11-10,7889605655.993435,455517.00656504295,1659907.0,8278920.0
294,2020-11-11,7889673991.758036,314604.24196390447,1675934.0,8335470.0
295,2020-11-12,7889429770.882403,476831.1175964317,1723087.0,8370311.0
296,2020-11-13,7889378529.842954,441625.1570463335,1762107.0,8417738.0
297,2020-11-14,7889326707.688173,426000.31182623265,1797025.0,8450267.0
298,2020-11-15,7889346405.521157,358767.4788428933,1817912.0,8476915.0
299,2020-11-16,7889565048.335186,88683.66481440964,1785684.0,8560584.0
300,2020-11-17,7889203993.555848,372523.44415187894,1809556.0,8613927.0
301,2020-11-18,7889106186.927132,390296.07286852115,1836236.0,8667281.0
302,2020-11-19,7889054281.077232,359832.92276762874,1856263.0,8729623.0
303,2020-11-20,7888935895.150833,394820.8491668719,1882552.0,8786732.0
304,2020-11-21,7888833477.389191,428618.61080897565,1914701.0,8823203.0
305,2020-11-22,7888946904.676617,266136.3233837049,1914363.0,8872596.0
306,2020-11-23,7888903209.190223,260018.80977723637,1912844.0,8923928.0
307,2020-11-24,7888760790.413565,329657.5864353543,1924915.0,8984637.0
308,2020-11-25,7888569652.057178,433758.9428228237,1956911.0,9039678.0
309,2020-11-26,7888501641.657121,417773.34287892305,1984926.0,9095659.0
310,2020-11-27,7888470543.443477,374035.55652345164,2003669.0,9151752.0
311,2020-11-28,7888174584.283338,581107.7166620536,2062189.0,9182119.0
312,2020-11-29,7888274863.937848,426879.06215233565,2089110.0,9209147.0
313,2020-11-30,7888282343.668258,362161.3317422975,2102707.0,9252788.0
314,2020-12-01,7888539967.326906,14642.673093325138,2048322.0,9397068.0
315,2020-12-02,7888123844.781248,342798.2187514985,2059262.0,9474095.0
316,2020-12-03,7887930274.861987,443868.13801261375,2089568.0,9536289.0
317,2020-12-04,7887877105.682374,408623.3176260063,2112192.0,9602079.0
318,2020-12-05,7887869028.897798,341125.10220205266,2121068.0,9668778.0
319,2020-12-06,7887709588.191662,444681.8083385742,2149850.0,9695880.0
320,2020-12-07,7887799858.674176,296639.32582402474,2149046.0,9754456.0
321,2020-12-08,7887799126.933049,216334.06695126492,2132640.0,9851899.0
322,2020-12-09,7887312740.186863,610561.8131375035,2193380.0,9883318.0
323,2020-12-10,7887617983.547249,213017.4527511297,2175122.0,9993877.0
324,2020-12-11,7887334101.457492,408318.54250787525,2195358.0,10062222.0
325,2020-12-12,7887118891.217335,547125.782665624,2242049.0,10091934.0
326,2020-12-13,7887464892.220234,146361.77976624554,2209498.0,10179248.0
327,2020-12-14,7887161811.345321,389386.6546788318,2225115.0,10223687.0
328,2020-12-15,7887122404.359757,345137.64024261193,2231698.0,10300760.0
329,2020-12-16,7886827641.332884,536918.6671158028,2275414.0,10360026.0
330,2020-12-17,7886862863.840532,395545.15946785227,2290435.0,10451156.0
331,2020-12-18,7886640141.825016,529742.1749839836,2331156.0,10498960.0
332,2020-12-19,7886822594.929668,266653.07033114636,2319583.0,10591169.0
333,2020-12-20,7886684182.913173,354571.0868268812,2325430.0,10635816.0
334,2020-12-21,7886835240.761252,146570.2387472405,2290650.0,10727539.0
335,2020-12-22,7886435118.302752,458147.6972481391,2317436.0,10789298.0
336,2020-12-23,7886272887.402885,539687.5971143445,2359357.0,10828068.0
337,2020-12-24,7886074834.984534,652298.015465828,2422046.0,10850821.0
338,2020-12-25,7886163990.214495,510047.785505753,2455353.0,10870609.0
339,2020-12-26,7886633945.0,0.0,2316110.0,11049945.0
340,2020-12-27,7886304570.455273,288849.54472776124,2309265.0,11097315.0
341,2020-12-28,7886262372.305291,278809.6947087312,2300653.0,11158165.0
342,2020-12-29,7886002303.747156,445700.2528437141,2324745.0,11227251.0
343,2020-12-30,7885990181.409344,362689.5906559125,2332031.0,11315098.0
344,2020-12-31,7885751666.672095,510936.32790437405,2367961.0,11369436.0
345,2021-01-01,7885749416.42734,464363.5726608426,2393852.0,11392368.0
346,2021-01-02,7886030561.436936,144490.56306318735,2356805.0,11468143.0
347,2021-01-03,7885730038.239008,400234.7609917817,2370523.0,11499204.0
348,2021-01-04,7885797296.65782,277182.34218062955,2359927.0,11565594.0
349,2021-01-05,7885529692.707646,449084.2923536786,2383064.0,11638159.0
350,2021-01-06,7885340092.856288,536523.143712486,2422583.0,11700801.0
351,2021-01-07,7885151998.132675,594730.8673245492,2472351.0,11780920.0
352,2021-01-08,7885224752.519075,420897.4809250725,2486944.0,11867406.0
353,2021-01-09,7885255547.389769,303703.6102314178,2478339.0,11962410.0
354,2021-01-10,7885105492.222632,395413.7773680009,2487811.0,12011283.0
355,2021-01-11,7885111700.826096,327972.1739048854,2483904.0,12076423.0
356,2021-01-12,7884676196.407904,662264.5920964045,2545142.0,12116397.0
357,2021-01-13,7884846454.970138,394593.02986261586,2552636.0,12206316.0
358,2021-01-14,7884653734.519574,478157.48042556527,2576184.0,12291924.0
359,2021-01-15,7884509921.185421,516459.81457880884,2606543.0,12367076.0
360,2021-01-16,7884502731.440315,433724.5596851359,2619979.0,12443565.0
361,2021-01-17,7884460404.709365,418226.2906351297,2630034.0,12491335.0
362,2021-01-18,7884600745.364514,219428.63548535117,2601138.0,12578688.0
363,2021-01-19,7884343289.120138,382874.8798618283,2604828.0,12669008.0
364,2021-01-20,7883903580.692749,722424.3072509903,2674479.0,12699516.0
365,2021-01-21,7884108288.924648,422803.07535132277,2683941.0,12784967.0
366,2021-01-22,7884115879.131115,324638.86888496374,2674047.0,12885435.0
367,2021-01-23,7883806912.216352,545051.7836472607,2707305.0,12940731.0
368,2021-01-24,7884011436.91779,289240.08220956376,2689888.0,13009435.0
369,2021-01-25,7883927500.532471,315242.4675293323,2678004.0,13079253.0
370,2021-01-26,7883589465.853047,562423.1469528307,2714534.0,13133577.0
371,2021-01-27,7883652773.345339,401761.65466084407,2718812.0,13226653.0
372,2021-01-28,7883323149.18818,638651.8118201869,2769062.0,13269137.0
373,2021-01-29,7883592108.979634,278148.02036587865,2747806.0,13381937.0
374,2021-01-30,7883545339.68903,245198.31097021137,2720718.0,13488744.0
375,2021-01-31,7883365087.908993,375303.0910073975,2719680.0,13539929.0
376,2021-02-01,7883288340.308329,398590.6916712392,2723201.0,13589868.0
377,2021-02-02,7883198583.969437,404511.03056314593,2727778.0,13669127.0
378,2021-02-03,7883108093.356796,411884.6432038833,2733665.0,13746357.0
379,2021-02-04,7883015700.145831,418130.85416906053,2740607.0,13825562.0
380,2021-02-05,7882837733.891437,515984.10856302304,2766398.0,13879884.0
381,2021-02-06,7882815758.208815,466887.79118560435,2781935.0,13935419.0
382,2021-02-07,7882913293.61131,324270.3886902018,2769302.0,13993134.0
383,2021-02-08,7882710810.563222,476602.43677776953,2786650.0,14025937.0
384,2021-02-09,7882949762.966437,162838.0335624259,2742481.0,14144918.0
385,2021-02-10,7882502850.946922,522373.0530774617,2769464.0,14205312.0
386,2021-02-11,7882377165.552285,568007.4477149987,2804591.0,14250236.0
387,2021-02-12,7882487576.334042,381799.6659582472,2802534.0,14328090.0
388,2021-02-13,7882424111.752673,378145.2473270803,2799822.0,14397921.0
389,2021-02-14,7882327927.684411,425397.31558935874,2806377.0,14440298.0
390,2021-02-15,7882484749.672853,224542.32714622098,2773676.0,14517032.0
391,2021-02-16,7882031336.036479,593036.9635209257,2813558.0,14562069.0
392,2021-02-17,7882343497.470447,210908.52955361267,2778009.0,14667585.0
393,2021-02-18,7881924546.671034,547615.3289658912,2808936.0,14718902.0
394,2021-02-19,7881830776.247025,561296.7529757818,2841683.0,14766244.0
395,2021-02-20,7882046220.996829,270087.0031706303,2816882.0,14866810.0
396,2021-02-21,7881837098.924368,430760.0756318194,2824016.0,14908125.0
397,2021-02-22,7881694415.88108,517579.1189206613,2847847.0,14940158.0
398,2021-02-23,7881800255.9860525,324024.01394789526,2833372.0,15042348.0
399,2021-02-24,7881381172.072949,650628.9270506896,2882834.0,15085365.0
400,2021-02-25,7881376310.583817,555362.4161836354,2912415.0,15155912.0
401,2021-02-26,7881308546.379169,534140.6208305274,2937062.0,15220251.0
402,2021-02-27,7881347829.247503,412416.75249629555,2937356.0,15302398.0
403,2021-02-28,7881181495.8756,527643.124399693,2960060.0,15330801.0
404,2021-03-01,7881280451.543127,363325.4568732097,2950177.0,15406046.0
405,2021-03-02,7881164161.8384905,394360.1615099896,2946601.0,15494877.0
406,2021-03-03,7880841938.473684,615713.5263153012,2986188.0,15556160.0
407,2021-03-04,7880802177.764449,549550.2355510041,3011825.0,15636447.0
408,2021-03-05,7880612557.535189,635267.4648115656,3053441.0,15698734.0
409,2021-03-06,7880560117.224189,596197.7758108395,3086323.0,15757362.0
410,2021-03-07,7880471773.917708,582906.0822912742,3115724.0,15829596.0
411,2021-03-08,7880780657.025261,209107.97473905832,3071600.0,15938635.0
412,2021-03-09,7880334756.863363,555491.1366370643,3096068.0,16013684.0
413,2021-03-10,7880110846.967216,668019.0327842518,3141763.0,16079371.0
414,2021-03-11,7880077219.745613,585589.2543867507,3170177.0,16167014.0
415,2021-03-12,7879910470.403822,634353.596178036,3207305.0,16247871.0
416,2021-03-13,7879822365.298789,622308.7012108648,3241079.0,16314247.0
417,2021-03-14,7879831967.593153,545936.4068474725,3259075.0,16363021.0
418,2021-03-15,7879997735.570239,303270.4297613941,3229369.0,16469625.0
419,2021-03-16,7879571909.934204,608809.0657961493,3259916.0,16559365.0
420,2021-03-17,7879408074.489039,646728.5109605574,3297009.0,16648188.0
421,2021-03-18,7879223410.854664,701559.1453358098,3343760.0,16731270.0
422,2021-03-19,7879060653.120475,734775.8795251319,3395701.0,16808870.0
423,2021-03-20,7879016168.252641,675182.7473596532,3434634.0,16874015.0
424,2021-03-21,7879003336.825392,607062.1746086687,3459254.0,16930347.0
425,2021-03-22,7879215615.127073,299521.8729269599,3423370.0,17061493.0
426,2021-03-23,7878680705.347515,708294.6524844564,3467992.0,17143008.0
427,2021-03-24,7878651662.182359,602240.8176416081,3490766.0,17255331.0
428,2021-03-25,7878330535.114096,779124.8859040899,3547334.0,17343006.0
429,2021-03-26,7878311396.129231,658155.8707681533,3578827.0,17451621.0
430,2021-03-27,7878172845.629362,671361.3706383222,3612032.0,17543761.0
431,2021-03-28,7878242931.156324,517440.8436753421,3614387.0,17625241.0
432,2021-03-29,7877939872.370089,725062.6299110943,3657072.0,17677993.0
433,2021-03-30,7877841163.474442,691066.525558368,3691981.0,17775789.0
434,2021-03-31,7877786298.641499,600096.3585018689,3708241.0,17905364.0
435,2021-04-01,7877390250.394762,840564.605237972,3770843.0,17998342.0
436,2021-04-02,7877334985.879456,775267.1205441883,3819037.0,18070710.0
437,2021-04-03,7877477118.82613,546386.1738703331,3821389.0,18155106.0
438,2021-04-04,7877271387.443329,677407.5566709179,3849168.0,18202037.0
439,2021-04-05,7877356877.432472,498467.56752806343,3841377.0,18303278.0
440,2021-04-06,7876874393.213729,839350.786271429,3900119.0,18386137.0
441,2021-04-07,7877152082.452427,405840.54757337994,3872920.0,18569157.0
442,2021-04-08,7876636412.896411,759644.1035889882,3915296.0,18688647.0
443,2021-04-09,7876371116.531226,865348.4687742912,3977084.0,18786451.0
444,2021-04-10,7876204697.388622,907196.6113774921,4045332.0,18842774.0
445,2021-04-11,7876924722.62814,98739.37185939707,3954432.0,19022106.0
446,2021-04-12,7876149960.35737,774527.6426291718,3997485.0,19078027.0
447,2021-04-13,7876139928.0276165,638740.9723834987,4012948.0,19208383.0
448,2021-04-14,7875905280.852322,733407.1476780582,4046408.0,19314904.0
449,2021-04-15,7875774481.851602,728199.1483979992,4077944.0,19419375.0
450,2021-04-16,7875677267.033415,673013.9665853517,4097885.0,19551834.0
451,2021-04-17,7875516270.446047,710513.5539527447,4124579.0,19648637.0
452,2021-04-18,7875825239.8583,314235.1416997225,4073448.0,19787077.0
453,2021-04-19,7875503649.320621,543347.6793799046,4068284.0,19884719.0
454,2021-04-20,7875331864.181176,579863.8188236577,4070365.0,20017907.0
455,2021-04-21,7874815975.155602,958487.8443973163,4146053.0,20079484.0
456,2021-04-22,7875278708.365889,383266.6341118349,4107768.0,20230257.0
457,2021-04-23,7874825727.153004,699868.846996584,4132122.0,20342282.0
458,2021-04-24,7874587932.349032,821082.6509677436,4179396.0,20411589.0
459,2021-04-25,7874635533.801475,697374.1985254678,4201315.0,20465777.0
460,2021-04-26,7874996006.772762,255587.22723773977,4136685.0,20611721.0
461,2021-04-27,7874704959.375846,415704.6241544124,4104966.0,20774370.0
462,2021-04-28,7874170519.660791,816692.3392086901,4152125.0,20860663.0
463,2021-04-29,7874340318.221846,513754.77815451106,4139062.0,21006865.0
464,2021-04-30,7874010729.411876,716135.5881240274,4165729.0,21107406.0
465,2021-05-01,7873911634.597248,712151.4027523263,4190895.0,21185319.0
466,2021-05-02,7874163211.602027,395646.3979734181,4153798.0,21287344.0
467,2021-05-03,7873978126.042772,500105.9572279478,4138034.0,21383734.0
468,2021-05-04,7873581172.238361,778153.7616389585,4176795.0,21463879.0
469,2021-05-05,7873635712.882533,594171.1174664511,4178706.0,21591410.0
470,2021-05-06,7873251858.772162,846458.2278379617,4229649.0,21672034.0
471,2021-05-07,7873529376.425292,440979.57470765634,4200317.0,21829327.0
472,2021-05-08,7873061957.435889,800467.5641105799,4241724.0,21895851.0
473,2021-05-09,7873246186.4388685,550925.5611313209,4233454.0,21969434.0
474,2021-05-10,7873067859.437589,651939.5624110354,4245062.0,22035139.0
475,2021-05-11,7873184262.168459,417415.83154092205,4210726.0,22187596.0
476,2021-05-12,7872609705.0102,866516.9897999942,4264700.0,22259078.0
477,2021-05-13,7872505920.35375,837898.6462495081,4311637.0,22344544.0
478,2021-05-14,7872365837.6455345,848104.3544655656,4359282.0,22426776.0
479,2021-05-15,7872176870.1577015,926255.8422989794,4420835.0,22476039.0
480,2021-05-16,7872492251.896909,535250.1030911074,4404640.0,22567858.0
481,2021-05-17,7872578283.253817,363264.7461837033,4355425.0,22703027.0
482,2021-05-18,7872258953.438369,551983.5616316415,4344266.0,22844797.0
483,2021-05-19,7871959451.765683,706300.2343168212,4363434.0,22970814.0
484,2021-05-20,7871580819.205249,937897.7947513673,4427139.0,23054144.0
485,2021-05-21,7871395345.732931,983509.2670688529,4497984.0,23123161.0
486,2021-05-22,7871348438.177035,905764.8229645387,4551775.0,23194022.0
487,2021-05-23,7871308557.391419,859439.6085804546,4595089.0,23236914.0
488,2021-05-24,7871565646.750266,524410.2497336612,4572042.0,23337901.0
489,2021-05-25,7871152430.035253,815907.964747897,4606335.0,23425327.0
490,2021-05-26,7870906844.65781,922974.3421899824,4660525.0,23509656.0
491,2021-05-27,7871610444.496952,86655.50304771205,4550529.0,23752371.0
492,2021-05-28,7870785261.577691,792405.4223088274,4580835.0,23841498.0
493,2021-05-29,7870441959.16118,1005854.838820823,4651844.0,23900342.0
494,2021-05-30,7870766297.73295,598105.2670494418,4641590.0,23994007.0
495,2021-05-31,7870691151.573032,586447.4269678133,4629347.0,24093054.0
496,2021-06-01,7870640548.497572,502840.5024280791,4601171.0,24255440.0
497,2021-06-02,7870166515.776959,823951.2230408624,4636236.0,24373297.0
498,2021-06-03,7869791626.020915,1066962.9790846219,4717626.0,24423785.0
499,2021-06-04,7870379251.268091,382000.7319086677,4663537.0,24575211.0
500,2021-06-05,7870111973.531643,542770.4683571043,4642199.0,24703057.0
501,2021-06-06,7870089599.440647,489943.5593533192,4611164.0,24809293.0
502,2021-06-07,7869802024.73519,697093.2648099415,4621276.0,24879606.0
503,2021-06-08,7869621615.397637,768261.6023622742,4644959.0,24965164.0
504,2021-06-09,7869659766.842562,598910.1574379143,4635049.0,25106274.0
505,2021-06-10,7869294966.142164,818035.8578359449,4668041.0,25218957.0
506,2021-06-11,7869146453.347091,834668.6529093696,4703371.0,25315507.0
507,2021-06-12,7868942035.953333,926080.0466672046,4755524.0,25376360.0
508,2021-06-13,7869685320.237359,115139.76264061625,4648484.0,25551056.0
509,2021-06-14,7868998777.147003,718052.852997177,4661658.0,25621512.0
510,2021-06-15,7868987894.483115,597576.5168845232,4651034.0,25763495.0
511,2021-06-16,7868621445.176615,834879.8233849788,4686868.0,25856807.0
512,2021-06-17,7868760197.5946665,572407.4053336062,4670661.0,25996734.0
513,2021-06-18,7868217469.835724,982026.1642765411,4734589.0,26065915.0
514,2021-06-19,7868373556.940776,712788.0592238946,4744395.0,26169260.0
515,2021-06-20,7868189294.291525,826461.708475218,4776050.0,26208194.0
516,2021-06-21,7868479175.42549,463068.5745098867,4736143.0,26321613.0
517,2021-06-22,7867689997.122728,1090181.877271507,4819331.0,26400490.0
518,2021-06-23,7868286301.239498,371141.7605016273,4760361.0,26582196.0
519,2021-06-24,7867622244.8068905,913848.1931093454,4808583.0,26655324.0
520,2021-06-25,7867637138.180214,779046.8197864934,4829266.0,26754549.0
521,2021-06-26,7867594424.700158,725761.2998417186,4839019.0,26840795.0
522,2021-06-27,7867520237.351449,740530.6485511045,4851380.0,26887852.0
523,2021-06-28,7867734029.120589,453083.87941090256,4807480.0,27005407.0
524,2021-06-29,7867206630.157,870788.843000526,4846042.0,27076539.0
525,2021-06-30,7867130760.381981,856374.6180191622,4880750.0,27132115.0
526,2021-07-01,7867762336.34719,119922.65280967142,4771232.0,27346509.0
527,2021-07-02,7866928828.778918,846268.221082062,4806010.0,27418893.0
528,2021-07-03,7866846809.388639,842493.6113607241,4839107.0,27471590.0
529,2021-07-04,7867161981.665927,473134.3340726578,4799442.0,27565442.0
530,2021-07-05,7867205305.299103,358567.70089703583,4738567.0,27697560.0
531,2021-07-06,7866750182.5076885,706066.4923113022,4746957.0,27796794.0
532,2021-07-07,7866466735.318837,889773.6811623794,4790860.0,27852631.0
533,2021-07-08,7866440281.778878,814258.221122104,4818876.0,27926584.0
534,2021-07-09,7866296050.796953,859672.2030469503,4854965.0,27989312.0
535,2021-07-10,7867012834.074801,63656.92519870383,4735202.0,28188307.0
536,2021-07-11,7866377265.328035,648244.6719645333,4732434.0,28242056.0
537,2021-07-12,7866202277.706497,753734.2935030059,4750265.0,28293723.0
538,2021-07-13,7865999506.4582815,862537.5417186264,4788779.0,28349177.0
539,2021-07-14,7866182507.467199,575511.5328008702,4770402.0,28471579.0
540,2021-07-15,7865734210.104853,916866.8951468577,4818938.0,28529985.0
541,2021-07-16,7866189203.856318,372937.1436820003,4760328.0,28677531.0
542,2021-07-17,7865580426.7018175,896676.2981820127,4805210.0,28717687.0
543,2021-07-18,7865954063.180874,475952.8191264119,4767016.0,28802968.0
544,2021-07-19,7865629607.783816,735345.2161832312,4780328.0,28854719.0
545,2021-07-20,7865694149.296683,599072.7033165215,4766765.0,28940013.0
546,2021-07-21,7865406175.61994,793992.3800606685,4791494.0,29008338.0
547,2021-07-22,7865545638.620159,563694.3798406413,4770744.0,29119923.0
548,2021-07-23,7864783144.00194,1182729.998060312,4870996.0,29163130.0
549,2021-07-24,7865898911.0,0.0,4718455.0,29382634.0
550,2021-07-25,7865355149.263513,494942.7364875699,4686317.0,29463591.0
551,2021-07-26,7864980205.698059,799339.3019406657,4714276.0,29506179.0
552,2021-07-27,7864820915.019556,868686.9804444201,4754966.0,29555432.0
553,2021-07-28,7864757580.882191,836041.1178088406,4788197.0,29618181.0
554,2021-07-29,7864756686.367145,744815.6328549879,4802775.0,29695723.0
555,2021-07-30,7864516823.582768,901021.4172312312,4847347.0,29734808.0
556,2021-07-31,7864524460.272249,824797.7277506123,4875876.0,29774866.0
557,2021-08-01,7864540472.234119,756917.7658807576,4890422.0,29812188.0
558,2021-08-02,7864404873.624678,822348.3753224121,4917302.0,29855476.0
559,2021-08-03,7864258856.641033,889350.3589668238,4956486.0,29895307.0
560,2021-08-04,7864140305.662968,923929.3370327092,5001331.0,29934434.0
561,2021-08-05,7714509394.786337,150464638.21366325,34139024.0,886943.0
562,2021-08-06,7859685781.494613,5203273.505387761,34222119.0,888826.0
563,2021-08-07,7859681388.316878,5137779.683121827,34290210.0,890622.0
564,2021-08-08,7859774416.321417,5003429.67858317,34330309.0,891845.0
565,2021-08-09,7859582040.678284,5130228.3217162145,34393986.0,893745.0
566,2021-08-10,7859427278.11159,5206145.888409186,34470700.0,895876.0
567,2021-08-11,7859347361.255613,5208916.744386938,34545865.0,897857.0
568,2021-08-12,7859219620.5284815,5252970.471518217,34627555.0,899854.0
569,2021-08-13,7859212731.040009,5190728.959991487,34694912.0,901628.0
570,2021-08-14,7859205647.412911,5140493.587088669,34750662.0,903197.0
571,2021-08-15,7859257552.016714,5050742.983285806,34787433.0,904272.0
572,2021-08-16,7859103278.706735,5149017.293265435,34842323.0,905381.0
573,2021-08-17,7858936938.934555,5241911.065444958,34913792.0,907358.0
574,2021-08-18,7858813611.871511,5285463.128488885,34991789.0,909136.0
575,2021-08-19,7858736880.369021,5284671.630978545,35067509.0,910939.0
576,2021-08-20,7858684547.307557,5265453.692442849,35137429.0,912570.0
577,2021-08-21,7858719879.041426,5177921.958573863,35188416.0,913783.0
578,2021-08-22,7858763126.569689,5099424.43031135,35222743.0,914706.0
579,2021-08-23,7858586209.320173,5218476.679826707,35279298.0,916016.0
580,2021-08-24,7858476023.48475,5263406.515249755,35343055.0,917515.0
581,2021-08-25,7858397001.824982,5276361.175018479,35407597.0,919040.0
582,2021-08-26,7858298684.32951,5304819.670489933,35475919.0,920577.0
583,2021-08-27,7858265233.193925,5275972.8060749285,35536769.0,922025.0
584,2021-08-28,7858274890.380937,5217425.619063746,35584572.0,923112.0
585,2021-08-29,7858309523.337308,5148880.662692537,35617738.0,923858.0
586,2021-08-30,7858154125.601719,5251014.398281496,35669872.0,924988.0
587,2021-08-31,7858058199.975081,5287585.024918805,35727702.0,926513.0
588,2021-09-01,7857960873.93991,5320820.060089916,35790424.0,927882.0
589,2021-09-02,7857897800.108226,5321247.891773927,35851522.0,929430.0
590,2021-09-03,7857856715.607196,5304764.392803887,35907750.0,930770.0
591,2021-09-04,7857880303.112584,5238307.887415458,35949518.0,931871.0
592,2021-09-05,7857886095.16891,5198868.831090237,35982476.0,932560.0
593,2021-09-06,7857812796.992355,5232659.00764449,36021111.0,933433.0
594,2021-09-07,7857719749.468971,5278232.5310285995,36067561.0,934457.0
595,2021-09-08,7857682357.669519,5271074.33048092,36111354.0,935214.0
596,2021-09-09,7857524974.8950405,5365998.104959803,36172423.0,936604.0
597,2021-09-10,7857510092.160851,5327624.839149125,36224364.0,937919.0
598,2021-09-11,7857582008.43248,5224270.567519872,36254783.0,938938.0
599,2021-09-12,7857584662.567645,5196715.432355113,36279013.0,939609.0
600,2021-09-13,7857408920.689833,5323144.310167079,36327181.0,940754.0
601,2021-09-14,7857392851.522596,5296314.4774037665,36368818.0,942016.0
602,2021-09-15,7857344739.863987,5301533.136012697,36410337.0,943390.0
603,2021-09-16,7857117084.475768,5457226.524232049,36481017.0,944672.0
604,2021-09-17,7857085537.017467,5424977.982533143,36543499.0,945986.0
605,2021-09-18,7856531953.576021,5836744.423978941,36684392.0,946910.0
606,2021-09-19,7857094670.492163,5250471.50783723,36707387.0,947471.0
607,2021-09-20,7856915033.4613905,5381317.538609424,36755213.0,948436.0
608,2021-09-21,7856920985.943785,5336445.056215,36793007.0,949562.0
609,2021-09-22,7856747395.796703,5450025.2032969985,36851870.0,950709.0
610,2021-09-23,7856720224.724102,5423833.275898334,36904035.0,951907.0
611,2021-09-24,7856701167.938946,5396329.061054378,36949429.0,953074.0
612,2021-09-25,7856741984.80812,5324512.191880487,36979615.0,953888.0
613,2021-09-26,7856747161.367194,5295130.632805943,37003263.0,954445.0
614,2021-09-27,7856596626.693189,5401206.306810878,37046905.0,955262.0
615,2021-09-28,7856564015.569481,5391861.43051888,37087541.0,956582.0
616,2021-09-29,7856452828.883639,5450765.116360767,37138531.0,957875.0
617,2021-09-30,7856418497.247865,5437102.752135657,37185475.0,958925.0
618,2021-10-01,7856378571.903873,5431499.0961264,37230051.0,959878.0
619,2021-10-02,7856431803.315726,5350048.684273595,37257567.0,960581.0
620,2021-10-03,7856425778.882419,5332290.11758103,37280879.0,961052.0
621,2021-10-04,7856291551.566421,5425006.433579035,37321595.0,961847.0
622,2021-10-05,7856220240.103201,5450583.89679878,37366179.0,962997.0
623,2021-10-06,7856150980.272337,5471346.727662948,37413589.0,964084.0
624,2021-10-07,7856154009.489381,5429335.510619534,37451535.0,965120.0
625,2021-10-08,7856078412.021502,5461047.97849806,37494618.0,965922.0
626,2021-10-09,7856102519.153848,5405221.846152596,37525667.0,966592.0
627,2021-10-10,7856114406.497938,5369659.502062155,37548952.0,966982.0
628,2021-10-11,7856046121.586295,5407277.413705249,37578922.0,967679.0
629,2021-10-12,7855985500.939523,5433063.060477227,37613093.0,968343.0
630,2021-10-13,7855918723.478342,5460541.521657477,37651680.0,969055.0
631,2021-10-14,7855848637.091143,5486951.90885698,37694355.0,970056.0
632,2021-10-15,7855797428.349675,5494294.650324372,37737297.0,970980.0
633,2021-10-16,7855847943.71614,5416460.2838597605,37763927.0,971669.0
634,2021-10-17,7855826651.674091,5412265.325908931,37789016.0,972067.0
635,2021-10-18,7855668347.75447,5523636.245530016,37835090.0,972926.0
636,2021-10-19,7855641362.119955,5507954.880045212,37876859.0,973824.0
637,2021-10-20,7855547636.996687,5551731.003313363,37926008.0,974624.0
638,2021-10-21,7855477023.32872,5570089.6712799,37977391.0,975496.0
639,2021-10-22,7855448950.1278925,5550992.872107873,38023660.0,976397.0
640,2021-10-23,7855464750.241882,5499590.7581176525,38058669.0,976990.0
641,2021-10-24,7855494149.142788,5446191.857211984,38082336.0,977323.0
642,2021-10-25,7855307050.523949,5582847.476051288,38131946.0,978156.0
643,2021-10-26,7855277776.244001,5566262.755998685,38176979.0,978982.0
644,2021-10-27,7855151319.767685,5634622.232315075,38234086.0,979972.0
645,2021-10-28,7855123902.906809,5610369.093191453,38284920.0,980808.0
646,2021-10-29,7855071464.566377,5612171.433623144,38334721.0,981643.0
647,2021-10-30,7855110183.919605,5538802.080395122,38368892.0,982122.0
648,2021-10-31,7855117417.141347,5504570.858652883,38395473.0,982539.0
649,2021-11-01,7855061571.831287,5528993.1687123915,38426082.0,983353.0
650,2021-11-02,7855017921.1696,5540121.830400483,38458023.0,983934.0
651,2021-11-03,7854689051.987166,5788813.012833374,38537479.0,984656.0
652,2021-11-04,7854747013.9190645,5674829.080935891,38592596.0,985561.0
653,2021-11-05,7854711267.712937,5659179.287062503,38643168.0,986385.0
654,2021-11-06,7854659024.752267,5661212.247732931,38692759.0,987004.0
655,2021-11-07,7854722072.529105,5567752.470895031,38722817.0,987358.0
656,2021-11-08,7854484825.797834,5741122.202165157,38785787.0,988265.0
657,2021-11-09,7854555542.499872,5630110.500127847,38825445.0,988902.0
658,2021-11-10,7854296685.282168,5813802.717831547,38899762.0,989750.0
659,2021-11-11,7854367078.958372,5693744.041627559,38948698.0,990479.0
660,2021-11-12,7854183812.677105,5806323.322894713,39018205.0,991659.0
661,2021-11-13,7854301453.27671,5650763.723290761,39055555.0,992228.0
662,2021-11-14,7854303298.053547,5618508.946452861,39085613.0,992580.0
663,2021-11-15,7854074711.767641,5784698.232358776,39147186.0,993404.0
664,2021-11-16,7854087688.725832,5723132.274168101,39195105.0,994074.0
665,2021-11-17,7853926189.387839,5818571.612160487,39260288.0,994951.0
666,2021-11-18,7853862345.7936735,5818295.206326262,39323643.0,995716.0
667,2021-11-19,7853762581.261052,5849640.738948056,39391372.0,996406.0
668,2021-11-20,7853862386.502809,5710552.497191071,39430197.0,996864.0
669,2021-11-21,7853861788.293943,5679151.706056895,39461856.0,997204.0
670,2021-11-22,7853536813.506508,5924719.49349248,39540430.0,998037.0
671,2021-11-23,7853610932.597283,5798019.402716293,39592215.0,998833.0
672,2021-11-24,7853441485.869412,5897068.13058733,39661861.0,999585.0
673,2021-11-25,7853367784.320155,5901404.679844801,39730455.0,1000356.0
674,2021-11-26,7853314009.515664,5889922.484335897,39794948.0,1001120.0
675,2021-11-27,7853428997.784174,5740708.215825846,39828655.0,1001639.0
676,2021-11-28,7853431200.629574,5711125.37042576,39855689.0,1001985.0
677,2021-11-29,7853088784.6933775,5975084.306622664,39933342.0,1002789.0
678,2021-11-30,7853154320.706894,5856335.293106392,39985778.0,1003566.0
679,2021-12-01,7853039093.759399,5909483.2406002935,40047127.0,1004296.0
680,2021-12-02,7852955902.869571,5928608.130429196,40110527.0,1004962.0
681,2021-12-03,7852933815.081276,5894893.918724462,40165642.0,1005649.0
682,2021-12-04,7853025710.398453,5772765.60154705,40195496.0,1006028.0
683,2021-12-05,7853035983.115466,5739600.884533566,40218085.0,1006331.0
684,2021-12-06,7852714984.733465,5989209.266534532,40288622.0,1007184.0
685,2021-12-07,7852801697.917538,5858604.082462566,40331829.0,1007869.0
686,2021-12-08,7852707720.733485,5901548.266514918,40382215.0,1008516.0
687,2021-12-09,7852657311.029928,5902223.970072192,40431361.0,1009104.0
688,2021-12-10,7852637445.069278,5878321.9307226,40474519.0,1009714.0
689,2021-12-11,7852687581.884365,5800934.115634631,40501446.0,1010038.0
690,2021-12-12,7852708734.900941,5761048.099059016,40519880.0,1010337.0
691,2021-12-13,7852476328.668382,5940203.331618765,40572668.0,1010800.0
692,2021-12-14,7852481684.156514,5892159.843485851,40614672.0,1011484.0
693,2021-12-15,7852409349.797907,5917943.202092799,40660549.0,1012158.0
694,2021-12-16,7852419191.036565,5871949.963434996,40696229.0,1012630.0
695,2021-12-17,7852314372.573185,5930165.426814703,40742264.0,1013198.0
696,2021-12-18,7852303662.506843,5901248.493157614,40781420.0,1013669.0
697,2021-12-19,7852342985.379295,5836263.620704555,40806867.0,1013884.0
698,2021-12-20,7852099915.382995,6018553.617005763,40867087.0,1014444.0
699,2021-12-21,7852111110.20688,5959789.7931201635,40914235.0,1014865.0
700,2021-12-22,7851991135.263905,6021485.736095226,40972103.0,1015276.0
701,2021-12-23,7851806501.735762,6128504.2642382225,41049217.0,1015777.0
702,2021-12-24,7851712922.709249,6143646.290751645,41127178.0,1016253.0
703,2021-12-25,7851806537.2352915,6001625.764708613,41175386.0,1016451.0
704,2021-12-26,7851744155.794286,6014394.205714152,41224766.0,1016684.0
705,2021-12-27,7851431802.186044,6235312.81395638,41315783.0,1017102.0
706,2021-12-28,7851166821.900897,6382609.099102719,41432980.0,1017589.0
707,2021-12-29,7850752794.969099,6633313.030901112,41595763.0,1018129.0
708,2021-12-30,7850441985.035061,6760498.964939007,41778860.0,1018656.0
709,2021-12-31,7850293691.406044,6735183.593956167,41952048.0,1019077.0
710,2022-01-01,7850506476.494941,6415841.505059713,42058392.0,1019290.0
711,2022-01-02,7850393851.744575,6423292.255425044,42163291.0,1019565.0
712,2022-01-03,7849743246.662835,6882153.33716457,42354609.0,1019991.0
713,2022-01-04,7849043355.593132,7311687.406867543,42624288.0,1020669.0
714,2022-01-05,7848549175.728216,7505402.271783885,42924315.0,1021107.0
715,2022-01-06,7847947629.070226,7764275.9297742,43266541.0,1021554.0
716,2022-01-07,7847293743.16354,8032486.836460028,43651634.0,1022136.0
717,2022-01-08,7847171939.051668,7820490.948332297,43985000.0,1022570.0
718,2022-01-09,7847388302.909163,7367372.0908362055,44221135.0,1023190.0
719,2022-01-10,7846238254.442103,8137218.557896312,44600621.0,1023906.0
720,2022-01-11,7845703040.875349,8275658.124650568,44996712.0,1024589.0
721,2022-01-12,7844448661.760077,9002606.239922738,45523454.0,1025278.0
722,2022-01-13,7844402118.678197,8611955.321803223,45959855.0,1026071.0
723,2022-01-14,7843472657.00415,9033953.995850032,46466480.0,1026909.0
724,2022-01-15,7844044576.398306,8142087.601693811,46785797.0,1027539.0
725,2022-01-16,7844180463.398965,7767915.6010349495,47023625.0,1027996.0
726,2022-01-17,7842676972.867521,8831991.132478556,47462002.0,1029034.0
727,2022-01-18,7841974812.637079,9061905.362920558,47933178.0,1030104.0
728,2022-01-19,7840928762.278291,9552971.721709525,48487069.0,1031197.0
729,2022-01-20,7840431438.716555,9517241.283445636,49018932.0,1032388.0
730,2022-01-21,7839996604.586586,9447214.413413893,49522694.0,1033487.0
731,2022-01-22,7839841247.848716,9166344.151283817,49958099.0,1034309.0
732,2022-01-23,7840206448.761058,8505683.238942226,50253117.0,1034751.0
733,2022-01-24,7838727069.915476,9502784.08452433,50734097.0,1036049.0
734,2022-01-25,7837885596.89098,9814395.109020112,51262611.0,1037397.0
735,2022-01-26,7837258424.952902,9907878.047098374,51794927.0,1038770.0
736,2022-01-27,7836252415.933944,10315098.066055873,52391981.0,1040505.0
737,2022-01-28,7835723905.682047,10269940.317952707,52963998.0,1042156.0
738,2022-01-29,7836068332.769223,9514733.230777038,53373515.0,1043419.0
739,2022-01-30,7836472655.450965,8842149.549035378,53641030.0,1044165.0
740,2022-01-31,7835671860.351949,9293394.64805105,53989056.0,1045689.0
741,2022-02-01,7834927327.807709,9631934.19229119,54393474.0,1047264.0
742,2022-02-02,7834235951.910641,9879826.08935975,54835113.0,1049109.0
743,2022-02-03,7833119980.157674,10452755.84232618,55376198.0,1051066.0
744,2022-02-04,7833057669.652463,10062744.347536657,55826676.0,1052910.0
745,2022-02-05,7833298770.501282,9492927.49871868,56154031.0,1054271.0
746,2022-02-06,7833639520.251286,8940399.748714538,56364978.0,1055102.0
747,2022-02-07,7832871438.338502,9410288.661498422,56661603.0,1056670.0
748,2022-02-08,7832092100.539128,9819429.46087208,57029755.0,1058715.0
749,2022-02-09,7831634253.386246,9901147.613753853,57403785.0,1060814.0
750,2022-02-10,7831232279.621843,9931528.378156612,57773545.0,1062647.0
751,2022-02-11,7830966781.479159,9851086.520840913,58117590.0,1064542.0
752,2022-02-12,7830920742.280689,9608249.71931048,58405025.0,1065983.0
753,2022-02-13,7831249177.552319,9098611.447681837,58585483.0,1066728.0
754,2022-02-14,7830709256.405155,9402317.594844528,58820117.0,1068309.0
755,2022-02-15,7830210507.841741,9627340.158259148,59092144.0,1070008.0
756,2022-02-16,7829798351.113189,9749388.886810895,59380512.0,1071748.0
757,2022-02-17,7829477148.416509,9781832.583490927,59667343.0,1073676.0
758,2022-02-18,7829144523.819003,9825117.180996742,59954788.0,1075571.0
759,2022-02-19,7829344279.02217,9422708.977830386,60156118.0,1076894.0
760,2022-02-20,7829227508.141918,9355761.858082263,60338943.0,1077787.0
761,2022-02-21,7829055456.653104,9349950.34689589,60515661.0,1078932.0
762,2022-02-22,7828507217.124321,9663736.875679353,60748618.0,1080428.0
763,2022-02-23,7827946382.305633,9942195.694367638,61029410.0,1082012.0
764,2022-02-24,7827871264.576141,9775040.423858948,61270038.0,1083657.0
765,2022-02-25,7827649409.9206705,9763587.079329468,61501888.0,1085115.0
766,2022-02-26,7827316251.68783,9852696.312169917,61744764.0,1086288.0
767,2022-02-27,7827458309.727859,9535368.272141034,61919291.0,1087031.0
768,2022-02-28,7827210369.042696,9600040.957303634,62101650.0,1087940.0
769,2022-03-01,7827161131.053713,9492018.946287133,62258029.0,1088821.0
770,2022-03-02,7826407807.635401,9994457.364599388,62507904.0,1089831.0
771,2022-03-03,7826071209.126592,10071521.873408148,62765971.0,1091298.0
772,2022-03-04,7825699462.071965,10171314.928035043,63036429.0,1092794.0
773,2022-03-05,7825703738.310362,9946385.68963792,63255764.0,1094112.0
774,2022-03-06,7825923440.643355,9583190.356645077,63398467.0,1094902.0
775,2022-03-07,7825497629.330015,9822546.669984363,63583854.0,1095970.0
776,2022-03-08,7825090532.351569,10011407.64843085,63800939.0,1097121.0
777,2022-03-09,7824942871.067562,9957216.932437824,64001572.0,1098340.0
778,2022-03-10,7824493881.478455,10168477.521545617,64237846.0,1099795.0
779,2022-03-11,7824316555.387917,10123591.612082977,64458956.0,1100897.0
780,2022-03-12,7824290601.213242,9964441.78675831,64643084.0,1101873.0
781,2022-03-13,7824363330.352405,9753077.647595054,64781078.0,1102514.0
782,2022-03-14,7824095489.652246,9864151.347753646,64936926.0,1103433.0
783,2022-03-15,7823608922.152616,10144111.84738458,65143000.0,1103966.0
784,2022-03-16,7823079592.560188,10418655.439811582,65396879.0,1104873.0
785,2022-03-17,7823038260.376096,10245555.623904584,65610170.0,1106014.0
786,2022-03-18,7822798155.388492,10272008.611508673,65822802.0,1107034.0
787,2022-03-19,7822773454.731482,10118858.268518569,65999850.0,1107837.0
788,2022-03-20,7822873108.653981,9890806.346018938,66127710.0,1108375.0
789,2022-03-21,7822584086.395628,10018513.604372373,66276936.0,1120464.0
790,2022-03-22,7822165815.917811,10246349.082188912,66466427.0,1121408.0
791,2022-03-23,7821783345.000769,10411564.99923136,66682904.0,1122186.0
792,2022-03-24,7821649672.094044,10346402.905956417,66880811.0,1123114.0
793,2022-03-25,7821604837.717801,10222119.282199278,67049151.0,1123892.0
794,2022-03-26,7821600193.133352,10088435.866647882,67186900.0,1124471.0
795,2022-03-27,7821757979.641399,9843845.358600326,67273313.0,1124862.0
796,2022-03-28,7821177297.82929,10259119.170709848,67438168.0,1125415.0
797,2022-03-29,7821084892.281492,10201347.718508027,67587296.0,1126464.0
798,2022-03-30,7820575337.753109,10505908.24689148,67791619.0,1127135.0
799,2022-03-31,7820392194.0512705,10492176.9487298,67987709.0,1127920.0
800,2022-04-01,7820512542.756726,10230938.243273785,68127636.0,1128883.0
801,2022-04-02,7820577433.4738,10062337.526200645,68230952.0,1129277.0
802,2022-04-03,7820614268.259814,9947137.740185326,68309043.0,1129551.0
803,2022-04-04,7820241457.312281,10195202.687719474,68433271.0,1130069.0
804,2022-04-05,7820017908.822968,10280753.17703281,68570762.0,1130576.0
805,2022-04-06,7819874202.401436,10288670.598563762,68706051.0,1131076.0
806,2022-04-07,7819573446.429388,10429701.570611676,68865096.0,1131756.0
807,2022-04-08,7819704727.764821,10189956.23517933,68973168.0,1132148.0
808,2022-04-09,7819647090.406054,10149919.593946444,69070509.0,1132481.0
809,2022-04-10,7819663381.747025,10056859.25297541,69147095.0,1132664.0
810,2022-04-11,7819429067.049525,10190319.950474467,69247562.0,1133051.0
811,2022-04-12,7819343047.598582,10180192.401417611,69343324.0,1133436.0
812,2022-04-13,7818770564.870551,10580938.129449021,69514447.0,1134050.0
813,2022-04-14,7818772654.878668,10439343.121331694,69653364.0,1134638.0
814,2022-04-15,7819075422.784113,10072509.21588737,69717130.0,1134938.0
815,2022-04-16,7818949853.015972,10125504.984027948,69789471.0,1135171.0
