time,s,i,r
0,7899999443,529,28
1,7899999343,627,30
2,7899998956,908,36
3,7899998176,1398,39
4,7899997000,2068,52
5,7899995508,2868,61
6,7899992048,5473,107
7,7899988908,6043,126
8,7899986538,8094,143
9,7899983273,9705,222
10,7899980155,11754,284
11,7899974104,16315,472
12,7899968906,19264,623
13,7899962383,23047,852
14,7899956694,26520,1124
15,7899951477,29319,1487
16,7899946832,32389,2011
17,7899945256,34515,2616
18,7899942594,36918,3244
19,7899940966,38825,3946
20,7899940059,40131,4683
21,7899940760,40082,5150
22,7899928784,54089,6295
23,7899909835,58854,8058
24,7899904195,59660,9395
25,7899902478,60373,10865
26,7899900303,60690,12583
27,7899896804,60803,14352
28,7899909574,59534,16121
29,7899915041,58039,18177
30,7899915993,57956,18890
31,7899915784,55722,22886
32,7899915675,55596,23394
33,7899916607,54331,25227
34,7899915685,52507,27905
35,7899914420,51000,30384
36,7899912734,49451,33277
37,7899911728,47441,36711
38,7899908815,46241,39782
39,7899905133,45686,42716
40,7899901628,44780,45602
41,7899898008,44766,48228
42,7899894396,44168,51170
43,7899890736,44282,53796
44,7899885883,46197,55865
45,7899880141,47841,58358
46,7899874186,49303,60694
47,7899868705,51798,62494
48,7899861995,54647,64404
49,7899852500,59524,67003
50,7899842252,64959,68324
51,7899826439,76226,70251
52,7899806155,84741,72624
53,7899788329,92564,76034
54,7899767288,105077,78088
55,7899745023,117499,80840
56,7899719044,132693,83207
57,7899687590,158133,84854
58,7899641861,185261,87256
59,7899591137,213445,91499
60,7899539065,241452,97704
61,7899477472,283377,98334
62,7899410595,314470,109123
63,7899344318,352689,122385
64,7899261553,397836,138052
65,7899169235,445298,154521
66,7899069934,496954,172447
67,7898986391,538911,187006
68,7898906747,587174,203754
69,7898814775,645409,223961
70,7898710790,709519,246208
71,7898605916,770727,267448
72,7898508840,833243,289142
73,7898421025,877876,304630
74,7898354200,931117,323104
75,7898286201,986592,342355
76,7898228894,1037771,360114
77,7898160228,1098777,381284
78,7898075081,1163499,403743
79,7897961599,1227658,426006
80,7897871377,1283719,445460
81,7897752007,1371752,476008
82,7897630532,1425079,494513
83,7897556243,1487909,516316
84,7897480535,1546006,536475
85,7897394233,1616137,560812
86,7897287400,1681378,583451
87,7897239849,1739471,603610
88,7897157107,1796132,623271
89,7897088936,1852911,642974
90,7897014623,1909397,662575
91,7896950966,1970301,683709
92,7896874091,2031709,705018
93,7896786063,2093745,726545
94,7896695617,2155515,747980
95,7896618099,2208072,766218
96,7896552407,2260770,784504
97,7896487629,2317066,804040
98,7896417186,2374474,823960
99,7896339769,2436576,845510
100,7896250376,2502608,868424
101,7896153963,2560709,888585
102,7896072688,2615643,907648
103,7895996886,2673280,927648
104,7895916892,2732437,948176
105,7895830437,2799565,971470
106,7895739823,2865740,994433
107,7895638464,2932913,1017743
108,7895537635,2995528,1039471
109,7895455706,3051373,1058849
110,7895384027,3107899,1078464
111,7895313028,3171209,1100434
112,7895232538,3233828,1122163
113,7895143031,3304831,1146802
114,7895035830,3376028,1171507
115,7894921261,3445730,1195695
116,7894825149,3503906,1215882
117,7894742934,3570076,1238844
118,7894642332,3641210,1263528
119,7894536733,3719475,1290686
120,7894421239,3798148,1317986
121,7894301814,3877837,1345639
122,7894168685,3955157,1372469
123,7894060451,4024359,1396483
124,7893974830,4089854,1419211
125,7893899668,4158423,1443004
126,7893810723,4234559,1469424
127,7893695516,4323640,1500336
128,7893558237,4413792,1531620
129,7893394974,4514046,1566409
130,7893245294,4590408,1592907
131,7893134532,4664843,1618736
132,7893014183,4755890,1650330
133,7892900319,4838455,1678981
134,7892772309,4941075,1714591
135,7892635716,5040114,1748958
136,7892475840,5136127,1782275
137,7892335762,5218541,1810873
138,7892244343,5295042,1837420
139,7892126529,5388569,1869875
140,7892001615,5490396,1905210
141,7891861673,5591499,1940293
142,7891727343,5686134,1973132
143,7891576973,5785546,2007628
144,7891414166,5883501,2041620
145,7891283289,5976234,2073799
146,7891151640,6083063,2110869
147,7891000725,6189374,2147760
148,7890841903,6295605,2184623
149,7890651721,6429974,2231250
150,7890416789,6567971,2279136
151,7890262756,6637059,2303110
152,7890171261,6742724,2339777
153,7890004008,6867536,2383088
154,7889807543,6994808,2427252
155,7889637588,7128078,2473497
156,7889451466,7270979,2523086
157,7889175626,7401945,2568532
158,7888973089,7527005,2611929
159,7888820073,7640355,2651261
160,7888655056,7776784,2698603
161,7888435672,7936492,2754023
162,7888208064,8088659,2806826
163,7887976868,8239094,2859029
164,7887752973,8379935,2907902
165,7887529721,8518182,2955875
166,7887358999,8643106,2999224
167,7887196285,8798687,3053212
168,7886976400,8958513,3108672
169,7886739156,9125250,3166531
170,7886471393,9298137,3226525
171,7886211912,9456132,3281350
172,7885974433,9599362,3331052
173,7885796592,9743740,3381152
174,7885596373,9907827,3438092
175,7885370156,10078417,3497288
176,7885128339,10260236,3560381
177,7884858827,10436494,3621543
178,7884578998,10611208,3682170
179,7884326244,10768513,3736756
180,7884127236,10923036,3790377
181,7883905857,11103451,3852983
182,7883632392,11307872,3923918
183,7883314825,11515466,3995955
184,7882987029,11725937,4068990
185,7882665857,11911205,4133279
186,7882412635,12068449,4187844
187,7882209461,12242454,4248225
188,7881986544,12438360,4316206
189,7881732054,12638978,4385822
190,7881463545,12848168,4458413
191,7881143859,13061576,4532467
192,7880821935,13244404,4595910
193,7880579439,13415607,4655318
194,7880406658,13568580,4708402
195,7880205531,13765539,4776747
196,7879946852,13969811,4847631
197,7879672456,14182654,4921490
198,7879349591,14392329,4994249
199,7879032541,14589230,5062575
200,7878740376,14762202,5122598
201,7878539473,14935336,5182676
202,7878315854,15132486,5251089
203,7878061923,15336694,5321951
204,7877779193,15552056,5396683
205,7877447253,15780023,5475789
206,7877124149,15964896,5539942
207,7876898294,16120828,5594051
208,7876740934,16278869,5648892
209,7876543718,16471447,5715718
210,7876296934,16677439,5787200
211,7876055054,16878982,5857136
212,7875770648,17073452,5924619
213,7875455207,17269092,5992508
214,7875201801,17419618,6044741
215,7875030346,17588956,6103503
216,7874834512,17770995,6166672
217,7874579092,17980119,6239239
218,7874272091,18193379,6313242
219,7873964418,18404171,6386389
220,7873622504,18597737,6453557
221,7873370132,18760867,6510165
222,7873131295,18957085,6578254
223,7872881795,19155216,6647007
224,7872620284,19364487,6719626
225,7872336903,19576387,6793156
226,7872010475,19800388,6870887
227,7871654760,20003595,6941401
228,7871416348,20173600,7000394
229,7871236951,20334908,7056369
230,7871055046,20517915,7119874
231,7870808654,20729725,7193374
232,7870520683,20955702,7271790
233,7870173649,21190565,7353289
234,7869797560,21404911,7427668
235,7869477283,21589642,7491772
236,7869207820,21787963,7560591
237,7868945438,21996241,7632865
238,7868664327,22222633,7711425
239,7868360164,22456911,7792720
240,7868006670,22699408,7876869
241,7867635740,22917016,7952380
242,7867354632,23106420,8018105
243,7867120146,23299373,8085061
244,7866880870,23510447,8158306
245,7866600471,23741814,8238592
246,7866294511,23980085,8321274
247,7865936063,24225528,8406445
248,7865574467,24437933,8480151
249,7865301271,24621298,8543780
250,7865077347,24815246,8611081
251,7864844951,25025193,8683934
252,7864558557,25266132,8767542
253,7864245512,25503036,8849750
254,7863883006,25747656,8934635
255,7863503140,25968409,9011237
256,7863206502,26161824,9078354
257,7862917425,26392962,9158561
258,7862614504,26627648,9239998
259,7862268299,26886884,9329956
260,7861889289,27153639,9422522
261,7861466920,27421198,9515366
262,7861011525,27685134,9606954
263,7860677852,27900050,9681532
264,7860414456,28115361,9756246
265,7860154253,28352458,9838521
266,7859813418,28635147,9936616
267,7859386041,28937295,10041464
268,7858924049,29242060,10147219
269,7858430890,29518326,10243086
270,7858017539,29764236,10328419
271,7857630718,30042594,10425011
272,7857247678,30331289,10525190
273,7856826189,30657650,10638440
274,7856315021,31015537,10762630
275,7855711176,31382203,10889865
276,7855092173,31720987,11007426
277,7854651945,31987379,11099867
278,7854198942,32345985,11224305
279,7853687046,32693765,11344988
280,7853178891,33081119,11479403
281,7852599648,33490453,11621444
282,7851932876,33914906,11768733
283,7851247862,34265390,11890354
284,7850819612,34591438,12003495
285,7850300517,34998540,12144762
286,7849708403,35418370,12290446
287,7849202120,35783730,12417230
288,7848662384,36243516,12576778
289,7847891972,36706158,12737319
290,7847108787,37150989,12891679
291,7846567116,37515389,13018128
292,7846131975,37893862,13149461
293,7845543568,38317575,13296493
294,7844967492,38781318,13457415
295,7844325815,39256590,13622338
296,7843623877,39747258,13792604
297,7842866766,40183058,13943830
298,7842299318,40546996,14070120
299,7841854201,40937220,14205530
300,7841350920,41384368,14360694
301,7840766538,41846329,14520998
302,7840151221,42331839,14689474
303,7839410230,42832231,14863113
304,7838633856,43272147,15015768
305,7838068839,43641915,15144080
306,7837639061,44038357,15281648
307,7837136530,44476948,15433843
308,7836582651,44935059,15592811
309,7836050342,45372518,15744613
310,7835358310,45888731,15923742
311,7834553481,46339780,16080260
312,7833984303,46707722,16207939
313,7833572891,47083798,16338440
314,7833068490,47540294,16496847
315,7832402601,48015604,16661784
316,7831767099,48528294,16839691
317,7830987710,49045261,17019083
318,7830144620,49522135,17184561
319,7829464904,49925949,17324688
320,7829001020,50323011,17462472
321,7828475755,50791209,17624940
322,7827870336,51285156,17796343
323,7826405938,52395325,18181581
324,7824847132,52919265,18363392
325,7824036632,53400844,18530503
326,7823383994,53800837,18669304
327,7822924710,54210007,18811290
328,7822390283,54691535,18978383
329,7822519527,55224228,19163232
330,7821769134,55772556,19353506
331,7820957784,56308142,19539358
332,7820139635,56779932,19703073
333,7819507985,57186241,19844065
334,7819063083,57591748,19984780
335,7818582946,58075381,20152604
336,7817987996,58581759,20328321
337,7817333948,59096523,20506948
338,7816782838,59462686,20634009
339,7816304271,59858113,20771226
340,7815904655,60164863,20877670
341,7815643733,60535451,21006267
342,7815154768,61034242,21179351
343,7814450984,61572694,21366199
344,7813379180,62196097,21582524
345,7812508404,62614574,21727739
346,7811753530,63063255,21883434
347,7811128009,63449540,22017479
348,7810722113,63863377,22161083
349,7810149082,64413404,22351946
350,7809457007,65000566,22555697
351,7808359828,65646411,22779810
352,7807258831,66266612,22995024
353,7806187479,66828054,23189849
354,7805387114,67274628,23344814
355,7804911991,67730806,23503110
356,7804395894,68244935,23681517
357,7803830043,68796730,23872995
358,7803163127,69360245,24068538
359,7802376483,69942166,24270470
360,7801537297,70429819,24439689
361,7800967289,70821509,24575609
362,7800614968,71205507,24708858
363,7800248212,71645580,24861567
364,7799727282,72155752,25038601
365,7799155173,72652227,25210882
366,7798479803,73144790,25381805
367,7797767211,73572936,25530375
368,7797245760,73915905,25649388
369,7796895008,74273403,25773442
370,7796539350,74690113,25918044
371,7796045830,75136261,26072860
372,7795493237,75592914,26231322
373,7794865856,76030166,26383052
374,7794223992,76412394,26515688
375,7793794071,76706831,26617860
376,7793515772,77035709,26731984
377,7793208280,77381256,26851891
378,7792832692,77771194,26987202
379,7792424651,78121432,27108738
380,7791931236,78519726,27246949
381,7791356142,78842811,27359062
382,7791012398,79103795,27449626
383,7790786387,79356145,27537193
384,7790564429,79658512,27642116
385,7790188449,79985506,27755586
386,7789840723,80314953,27869906
387,7789402565,80633874,27980574
388,7788944036,80916343,28078593
389,7788594820,81145476,28158105
390,7788412643,81353955,28230448
391,7788212492,81621060,28323136
392,7787910087,81907903,28422672
393,7787542497,82212875,28528500
394,7787102523,82517002,28634035
395,7786626296,82795553,28730694
396,7786212345,83032792,28813018
397,7785957006,83252219,28889160
398,7785655074,83543785,28990336
399,7785228202,83874095,29104956
400,7784739970,84210369,29221646
401,7784220276,84538459,29335496
402,7783701162,84832991,29437701
403,7783292209,85061487,29516990
404,7783071665,85288286,29595692
405,7782897831,85520849,29676392
406,7782595686,85848869,29790218
407,7782137372,86189185,29908310
408,7781626604,86522588,30024004
409,7781071265,86829956,30130663
410,7780588295,87107938,30227125
411,7780221645,87334714,30305818
412,7779943978,87642095,30412481
413,7779529475,87982751,30530692
414,7779030025,88346283,30656840
415,7778465124,88709494,30782877
416,7777894724,89047722,30900245
417,7777379522,89318749,30994293
418,7777074407,89581616,31085510
419,7776712156,89928336,31205824
420,7776189086,90333468,31346408
421,7775584689,90740243,31487562
422,7774929817,91157864,31632480
423,7774233906,91527904,31760887
424,7773649074,91854902,31874358
425,7773254448,92167589,31982862
426,7772873134,92543117,32113173
427,7772285525,93010596,32275393
428,7771566172,93494776,32443406
429,7770772384,93969934,32608290
430,7769988278,94403883,32758874
431,7769332282,94769623,32885788
432,7768886191,95110583,33004104
433,7768494408,95527957,33148936
434,7767910499,96028248,33322541
435,7767166826,96555208,33505400
436,7766396755,97033888,33671505
437,7765704274,97435036,33810707
438,7765063278,97850714,33954951
439,7764568573,98219672,34082982
440,7764137986,98670667,34239481
441,7763577172,99162973,34410314
442,7762722762,99783649,34625694
443,7761679738,100338448,34818213
444,7760821698,100836325,34990980
445,7759938431,101363131,35173786
446,7759222467,101818842,35331921
447,7758507935,102385894,35528693
448,7757768854,102988202,35737699
449,7756883627,103597873,35949259
450,7755873190,104236214,36170768
451,7754928965,104825659,36375310
452,7754048714,105345411,36555668
453,7753421496,105858349,36733662
454,7752702281,106481655,36949953
455,7751794673,107141816,37179034
456,7750865880,107809519,37410732
457,7749852807,108483352,37644558
458,7748821028,109095249,37856891
459,7747959244,109636067,38044559
460,7747381305,110147608,38222068
461,7746742375,110770561,38438237
462,7745903863,111437811,38669778
463,7745018696,112101530,38900094
464,7744057522,112763271,39129722
465,7743099729,113353401,39334502
466,7742306598,113863621,39511553
467,7741767992,114376207,39689424
468,7741191370,114958948,39891639
469,7740458448,115584038,40108550
470,7739634970,116232027,40333407
471,7738722208,116851790,40548470
472,7737786355,117437011,40751547
473,7737039105,117919124,40918843
474,7736549008,118383593,41080018
475,7736039566,118922417,41266993
476,7735419126,119492188,41464709
477,7734751766,120037619,41653977
478,7734095800,120564390,41836771
479,7733404032,121033290,41999483
480,7732851442,121439095,42140300
481,7732487077,121842613,42280324
482,7732091384,122302624,42439951
483,7731534400,122801541,42613079
484,7731289614,123011121,42685805
485,7731012445,123476207,42847194
486,7730360231,123901120,42994642
487,7729849789,124258670,43118715
488,7729536726,124593544,43234919
489,7729224286,124989538,43372332
490,7728404757,125411532,43518766
491,7727915907,125817540,43659655
492,7727435860,126192825,43789881
493,7726931552,126549482,43913644
494,7726512263,126838973,44014100
495,7726268667,127126318,44113811
496,7725990035,127467819,44232314
497,7725589300,127829827,44357934
498,7725126684,128186543,44481717
499,7724701714,128501976,44591175
500,7724270119,128796445,44693357
501,7723937543,129036221,44776562
502,7723752799,129275097,44859453
503,7723548543,129549867,44954800
504,7723240633,129860401,45062558
505,7722793728,130197076,45179387
506,7722314838,130510390,45288110
507,7721847402,130783871,45383009
508,7721497988,131008666,45461015
509,7721256002,131238287,45540696
510,7720990235,131516502,45637238
511,7720679807,131805420,45737495
512,7720316674,132099401,45839509
513,7719885552,132398959,45943458
514,7719437548,132656789,46032926
515,7719094788,132883041,46111438
516,7718868126,133103274,46187860
517,7718550432,133407811,46293537
518,7718139590,133702259,46395712
519,7717737215,134006087,46501143
520,7717257586,134316158,46608740
521,7716781785,134585568,46702227
522,7716404307,134816625,46782406
523,7716170267,135063853,46868196
524,7715852664,135346856,46966401
525,7715481247,135643416,47069309
526,7715063905,135966756,47181511
527,7714548918,136295145,47295464
528,7714043985,136572669,47391767
529,7713675432,136815982,47476198
530,7713350979,137096542,47573555
531,7712921999,137431010,47689618
532,7712441768,137776399,47809471
533,7711936989,138134140,47933609
534,7711315701,138515159,48065826
535,7710709096,138827788,48174310
536,7710296008,139102390,48269600
537,7709942483,139424708,48381446
538,7709447902,139814950,48516863
539,7708866140,140214340,48655455
540,7708264967,140642272,48803950
541,7707513715,141084688,48957472
542,7706798819,141447603,49083407
543,7706323924,141759561,49191658
544,7705939907,142122934,49317752
545,7705456003,142518195,49454910
546,7704943903,142931042,49598171
547,7704418544,143350630,49743772
548,7703614065,143891191,49931351
549,7702874215,144211842,50042619
550,7702486149,144542660,50157415
551,7702032327,144944014,50296688
552,7701441478,145394145,50452887
553,7700750254,145876758,50620357
554,7700185442,146354015,50785969
555,7699242138,146897704,50974634
556,7698438053,147281774,51107909
557,7697978267,147640397,51232354
558,7697530426,148064376,51379478
559,7696975131,148535253,51542876
560,7696303267,149040416,51718171
561,7695669541,149549412,51894797
562,7694681738,150157817,52105918
563,7693784011,150574495,52250509
564,7693326128,150921722,52370999
565,7692873603,151381321,52530483
566,7692289166,151860763,52696853
567,7691598283,152403219,52885090
568,7690981374,152927152,53066899
569,7690035105,153522394,53273452
570,7689148117,153932868,53415889
571,7688747597,154279333,53536115
572,7688262375,154772532,53707260
573,7687646037,155279350,53883129
574,7686933449,155825481,54072641
575,7686287866,156353863,54255993
576,7685343831,156936794,54458275
577,7684466255,157351828,54602295
578,7684123465,157684476,54717727
579,7683673878,158192413,54893984
580,7683048554,158694840,55068330
581,7682346104,159242283,55258298
582,7681657457,159789013,55448017
583,7680728939,160346636,55641517
584,7679868716,160760279,55785054
585,7679548900,161092000,55900163
586,7679106992,161590773,56073241
587,7678551890,162051544,56233132
588,7677948597,162585379,56418377
589,7677303865,163087807,56592724
590,7676460697,163624978,56779126
591,7675687243,163993729,56907086
592,7675415411,164325555,57022232
593,7675111328,164680247,57145313
594,7674696145,165167616,57314434
595,7674078719,165641044,57478717
596,7673524436,166116279,57643627
597,7672722291,166605297,57813320
598,7672042030,166953121,57934018
599,7671679878,167228846,58029696
600,7671387063,167657872,58178572
601,7670897043,168066058,58320215
602,7670420508,168486880,58466244
603,7669925014,168922924,58617554
604,7669182963,169385593,58778104
605,7668407276,169774508,58913060
606,7668097910,170044288,59006677
607,7667754151,170437895,59143261
608,7667302131,170800684,59269152
609,7666865827,171197845,59406969
610,7666406438,171604398,59548046
611,7665833433,172012150,59689540
612,7665273582,172289804,59785888
613,7665073952,172553959,59877552
614,7664724044,172912360,60001920
615,7664325276,173247160,60118097
616,7663930952,173611654,60244580
617,7663499324,173975347,60370784
618,7662861427,174362874,60505259
619,7662344602,174623186,60595589
620,7662167686,174852615,60675203
621,7661862556,175184509,60790373
622,7661483620,175498427,60899304
623,7661043615,175874856,61029928
624,7660596730,176217715,61148903
625,7660010118,176570660,61271378
626,7659503537,176823223,61359019
627,7659293944,177058153,61440542
628,7659012352,177346190,61540493
629,7658693209,177671510,61653381
630,7658260413,178010351,61770962
631,7657826015,178346946,61887763
632,7657254837,178686949,62005746
633,7656771946,178940368,62093685
634,7656505275,179172959,62174395
635,7656202396,179490541,62284599
636,7655799464,179810931,62395777
637,7655344983,180164537,62518480
638,7654864610,180507556,62637511
639,7654251094,180873422,62764469
640,7653701313,181148296,62859853
641,7653449637,181377844,62939508
642,7653119603,181713700,63056052
643,7652717041,182030306,63165917
644,7652238623,182411890,63298330
645,7651734424,182770482,63422764
646,7651127573,183137283,63550046
647,7650568080,183415390,63646552
648,7650297020,183674369,63736420
649,7649916999,184014119,63854315
650,7649568902,184314376,63958507
651,7649122687,184703975,64093700
652,7648574521,185088128,64227004
653,7647907395,185477347,64362067
654,7647326211,185778570,64466593
655,7647037408,186031500,64554362
656,7646576110,186421288,64689622
657,7646106440,186769775,64810549
658,7645580954,187195555,64958298
659,7645010824,187582251,65092485
660,7644295937,188027500,65246989
661,7643641159,188321280,65348933
662,7643422204,188579837,65438655
663,7642941753,189026447,65593631
664,7642406871,189402706,65724197
665,7641805720,189859429,65882683
666,7641168607,190320939,66042830
667,7640328037,190777237,66201169
668,7639623663,191102414,66314008
669,7639407441,191384366,66411848
670,7638829819,191907492,66593377
671,7638147780,192347425,66746037
672,7637518939,192835845,66915522
673,7636878450,193279214,67069374
674,7636105554,193734809,67227470
675,7635452850,194045724,67335360
676,7635348910,194335099,67435775
677,7634809374,194886201,67627012
678,7634124473,195331980,67781700
679,7633418763,195853480,67962664
680,7632622753,196378523,68144858
681,7631603483,196921087,68333132
682,7630790225,197271649,68454780
683,7630640553,197583303,68562927
684,7630117497,198105737,68744215
685,7629476992,198580305,68908894
686,7628833638,199108397,69092146
687,7628154748,199626868,69272059
688,7627235040,200141738,69450723
689,7626494403,200488361,69571004
690,7626304671,200805026,69680889
691,7625823485,201320155,69859643
692,7625204149,201792904,70023691
693,7624525562,202342399,70214370
694,7623734695,202894903,70406093
695,7622689806,203464734,70603828
696,7621818848,203858155,70740349
697,7621497833,204218180,70865280
698,7620839608,204819562,71073964
699,7620011055,205382781,71269406
700,7619082137,206061681,71504989
701,7617923193,206812997,71765701
702,7616585007,207448554,71986244
703,7615531871,207954855,72161935
704,7615084466,208382083,72310186
705,7613926029,209378082,72655806
706,7612162522,210370186,73000073
707,7610133312,211635856,73439270
708,7607334419,213083602,73941650
709,7604363247,214347914,74380376
710,7602032551,215241107,74690320
711,7601252522,215922997,74926941
712,7599332001,217658979,75529340
713,7596085060,219599151,76202595
714,7592837750,221517484,76868271
715,7589287557,223499077,77555900
716,7584867834,225691818,78316797
717,7580696123,227277988,78867211
718,7578892838,228766534,79383747
719,7576249468,231180562,80221434
720,7572551355,233430295,81002108
721,7568743516,235989043,81890014
722,7565063395,238355106,82711056
723,7560696421,240817195,83565420
724,7556957287,242619533,84190845
725,7555610040,244231401,84750176
726,7553691435,246293612,85465778
727,7550595672,249088402,86435592
728,7545934892,252119773,87487502
729,7541433770,254892062,88449507
730,7536317122,257720641,89431045
731,7532028418,259687805,90113667
732,7529773107,261457163,90727647
733,7527521513,264154148,91663522
734,7524318120,266866689,92604795
735,7520636927,269659304,93573853
736,7516985639,272405934,94526955
737,7512256764,275137120,95474698
738,7508397631,277040258,96135102
739,7507289930,278656447,96695932
740,7504907250,281521669,97690185
741,7501679716,283845139,98496447
742,7499065071,286209375,99316856
743,7496365278,288580614,100139694
744,7492779178,290774785,100901088
745,7489896999,292336493,101443013
746,7489890032,293645178,101897137
747,7488282839,295853121,102663310
748,7485893678,297783095,103333026
749,7484055070,299589317,103959799
750,7481763366,301678596,104684794
751,7478627888,303478761,105309466
752,7476240749,304759460,105753878
753,7476083814,305803211,106116067
754,7475234680,307319820,106642342
755,7473754001,308708668,107124284
756,7472457679,310371470,107701288
757,7470579797,311902948,108232723
758,7468258561,313375422,108743683
759,7466203986,314471987,109124199
760,7465576256,315358049,109431670
761,7464547855,316624306,109871071
762,7463408279,317866856,110302245
763,7461879980,319290373,110796216
764,7460158015,320617693,111256807
765,7458192879,321845827,111682979
766,7456458118,322791618,112011176
767,7455837634,323572723,112282225
768,7454850326,324767132,112696694
769,7453560199,325954012,113108551
770,7452089498,327186281,113536157
771,7450308722,328504170,113993475
772,7448045079,329812569,114447500
773,7446044478,330770493,114779907
774,7445253279,331594354,115065792
775,7444000797,332887199,115514420
776,7442334900,334063361,115922557
777,7440535628,335540843,116435255
778,7438436891,336929834,116917245
779,7435983641,338320026,117399653
780,7433660080,339478674,117801712
781,7432703201,340323246,118094785
782,7431151945,341806467,118609474
783,7429334813,343149742,119075601
784,7427157531,344811841,119652363
785,7424713366,346354449,120187659
786,7422304642,347758693,120674942
787,7420071381,348856963,121056051
788,7419629084,349570269,121303573
789,7418597773,350965869,121787858
790,7416979526,352433733,122297217
791,7415276304,353772925,122761928
792,7413579727,355097492,123221562
793,7411515334,356403773,123674852
794,7409592182,357238519,123964515
795,7409496897,357870112,124183683
796,7408779062,359239293,124658799
797,7406986846,360539821,125110093
798,7405421550,361725913,125521676
799,7404020175,362886464,125924396
800,7402162291,363939927,126289955
801,7400721369,364587778,126514765
802,7400999860,365102360,126693328
803,7400825187,366017982,127011056
804,7399824115,367031634,127362801
805,7398802018,367937323,127677083
806,7397722722,368886351,128006402
807,7396142639,369758207,128308943
808,7394919132,370309247,128500158
809,7394848614,370726180,128644838
810,7394666071,371458416,128898929
811,7393780129,372289581,129187350
812,7392863864,373087666,129464291
813,7392000632,373802289,129712271
814,7391121299,374291510,129882035
815,7390469468,374703132,130024871
816,7390493576,375005849,130129916
817,7390748139,375345314,130247712
818,7390347783,376101153,130509994
819,7389330549,376815117,130757746
820,7388106118,377499375,130995188
821,7386907367,378116676,131209396
822,7386004845,378472112,131332735
823,7385617978,378743345,131426855
824,7385633739,379216249,131590957
825,7385179505,379794527,131791624
826,7384637867,380302611,131967933
827,7384025708,380866287,132163532
828,7383100765,381344712,132329550
829,7382467935,381607324,132420678
830,7382441780,381837034,132500389
831,7382463874,382169200,132615653
832,7382028782,382668124,132788784
833,7381488507,383133968,132950435
834,7380905821,383579128,133104909
835,7380029040,384047490,133267434
836,7379368241,384299406,133354851
837,7379197485,384506422,133426688
838,7378900260,385018986,133604551
839,7378196067,385495049,133769749
840,7377459731,386010792,133948715
841,7376743264,386495306,134116846
842,7375856991,386920665,134264448
843,7375124157,387246369,134377470
844,7375002206,387523763,134473728
845,7374679385,387962090,134625831
846,7374175298,388413733,134782554
847,7373458966,388978400,134978498
848,7372675248,389420913,135132053
849,7371891794,389885729,135293349
850,7371272171,390158306,135387935
851,7371179624,390392762,135469293
852,7370979028,390758868,135596335
853,7370651899,391200285,135749510
854,7370009416,391678352,135915402
855,7369488831,392051578,136044914
856,7368783600,392474482,136191666
857,7368200729,392718749,136276428
858,7368088153,392924163,136347709
859,7368061699,393179805,136436418
860,7367735962,393644052,136597516
861,7366914948,394162540,136777435
862,7366255457,394556554,136914161
863,7365510192,394960081,137054188
864,7364990252,395147965,137119385
865,7364818535,395343203,137187134
866,7364745984,395666074,137299172
867,7364397822,396120162,137456744
868,7363610323,396644716,137638769
869,7362882253,397064198,137784332
870,7362013526,397477531,137927762
871,7361435959,397688213,138000871
872,7361388829,397835390,138051942
873,7361274424,398227234,138187915
874,7360596133,398863499,138408703
875,7359582032,399399570,138594725
876,7358833860,399832264,138744873
877,7358001796,400227966,138882184
878,7357438440,400397669,138941072
879,7357469167,400596999,139010241
880,7357302517,401157652,139204792
881,7356453342,401763486,139415022
882,7355414301,402361715,139622612
883,7354357864,402943472,139824486
884,7353025490,403520554,140024738
885,7352199732,403755834,140106381
886,7352351249,403968723,140180256
887,7352008165,404616369,140404994
888,7350999645,405315664,140647654
889,7349908506,406008173,140887960
890,7348674842,406808601,141165715
891,7346962408,407514739,141410751
892,7345938561,407781580,141503347
893,7346093024,408047714,141595697
894,7345824405,408680294,141815207
895,7344699838,409575086,142125707
896,7343347409,410484747,142441366
897,7342020140,411266571,142712665
898,7340319806,412013893,142971991
899,7339167802,412387936,143101788
900,7339093184,412701868,143210724
901,7338822330,413483807,143482063
902,7337771349,414391762,143797131
903,7336174374,415451203,144164765
904,7334751579,416195348,144422988
905,7333250513,416939618,144681256
906,7332117840,417350160,144823717
907,7332158673,417691243,144942076
908,7331724211,418580654,145250708
909,7330408464,419727477,145648664
910,7328263957,420916851,146061386
911,7326510327,421773618,146358691
912,7324813959,422586753,146640855
913,7323541282,423059519,146804909
914,7323551414,423468642,146946877
915,7323571403,424191502,147197716
916,7323003140,425079886,147505992
917,7321533927,426138993,147873510
918,7320086468,426967595,148161041
919,7318231750,427988677,148515364
920,7316831185,428416477,148663815
921,7316683876,428820897,148804152
922,7316462561,429469163,149029104
923,7315825389,430353032,149335814
924,7314595463,431210844,149633482
925,7313361208,432290408,150008098
926,7311581946,432959545,150240294
927,7310047049,433834314,150543846
928,7309244022,434203966,150672118
929,7309120440,434809929,150882392
930,7308419447,435582186,151150371
931,7307806354,436344644,151414950
932,7306675176,437091094,151673974
933,7306095044,437650096,151867951
934,7305203425,438122672,152031939
935,7304922344,438464730,152150635
936,7304646543,439099680,152370968
937,7303734990,439903912,152650043
938,7302666640,440639258,152905214
939,7301484341,441340636,153148597
940,7300374676,441935635,153355066
941,7299459534,442362082,153503047
942,7299255855,442721794,153627869
943,7299143473,443249745,153811073
944,7298533682,443909840,154040131
945,7297704719,444566534,154268008
946,7296756611,445208701,154490846
947,7295763679,445730120,154671782
948,7295093179,446066183,154788398
949,7294945410,446367773,154893053
950,7294851180,446796233,155041731
951,7294410717,447351461,155234399
952,7293774647,447910610,155428429
953,7293044059,448415258,155603545
954,7292159491,448903364,155772922
955,7291531571,449183008,155869960
956,7291361637,449457979,155965378
957,7291281355,449797836,156083311
958,7290902895,450298093,156256903
959,7290292261,450755810,156415735
960,7289749235,451189334,156566171
961,7289016329,451579553,156701580
962,7288547858,451812092,156782273
963,7288378123,452045419,156863239
964,7288252597,452405537,156988203
965,7287835587,452812719,157129498
966,7287173045,453330923,157309319
967,7286389350,453784742,157466798
968,7285635388,454123193,157584243
969,7285198688,454342269,157660264
970,7285134096,454531264,157725846
971,7285011144,454840729,157833233
972,7284738708,455251720,157975851
973,7284278219,455636409,158109340
974,7283596297,456096421,158268968
975,7282753693,456481022,158402428
976,7282225044,456677877,158470738
977,7282153808,456843372,158528166
978,7282061814,457157164,158637054
979,7281557773,457602253,158791504
980,7281027916,458010535,158933180
981,7280351886,458488730,159099118
982,7279500395,458839525,159220846
983,7279009738,459018482,159282946
984,7278990652,459167486,159334651
985,7279069616,459404950,159417053
986,7278699519,459850522,159571670
987,7278160459,460283336,159721860
988,7277409375,460758911,159886888
989,7276434602,461185952,160035074
990,7275841067,461348547,160091496
991,7275722964,461511094,160147901
992,7275650568,461847865,160264763
993,7275089732,462360265,160442570
994,7274489745,462768862,160584356
995,7273851695,463260985,160755127
996,7272929923,463615768,160878239
997,7272452891,463777674,160934422
998,7272496265,463920338,160983928
999,7272517807,464274082,161106679
1000,7271962985,464740827,161268644
1001,7271470210,465132034,161404396
1002,7270825758,465574042,161557776
1003,7270017245,465894170,161668862
1004,7269595860,466029537,161715836
1005,7269729214,466148913,161757260
1006,7269811140,466435462,161856695
1007,7269357166,466877144,162009962
1008,7268890581,467223856,162130274
1009,7268383898,467573426,162251577
1010,7267731518,467843542,162345309
1011,7267329361,467991357,162396603
1012,7267348923,468115568,162439705
1013,7267476246,468338517,162517069
1014,7267241321,468636686,162620536
1015,7266962228,468895281,162710271
1016,7266484139,469261728,162837431
1017,7265745151,469591711,162951938
1018,7265266652,469741170,163003801
1019,7265179000,469879731,163051883
1020,7265089396,470105860,163130351
1021,7264682313,470440539,163246488
1022,7264291079,470762754,163358298
1023,7263841144,471104548,163476904
1024,7263093692,471467110,163602716
1025,7262549454,471647144,163665189
1026,7262428035,471783379,163712463
1027,7262348503,472040867,163801814
1028,7261931940,472414844,163931586
1029,7261402275,472775878,164056868
1030,7260924984,473131740,164180355
1031,7260057418,473599981,164342838
1032,7259362848,473783614,164406560
1033,7259239901,473948744,164463861
1034,7259179637,474202329,164551858
1035,7258750144,474628628,164699786
1036,7258064492,475067210,164851978
1037,7257684051,475379303,164960276
1038,7256812824,475897630,165140140
1039,7256066438,476098539,165209857
1040,7255873933,476294129,165277728
1041,7255778910,476595381,165382265
1042,7255233200,477137839,165570502
1043,7254387115,477535595,165708527
1044,7253843284,478059899,165890464
1045,7252646078,478625294,166086660
1046,7251848039,478847942,166163921
1047,7251696772,479038844,166230166
1048,7251664831,479414112,166360387
1049,7251070613,479877740,166521269
1050,7250518852,480348036,166684465
1051,7249837849,480948702,166892901
1052,7248658204,481446436,167065619
1053,7247970222,481650353,167136379
1054,7247901800,481872500,167213466
1055,7247654323,482297704,167361015
1056,7246936989,482875335,167561457
1057,7246282270,483384425,167738115
1058,7245516268,483941738,167931508
1059,7244308182,484485208,168120095
1060,7243574886,484708275,168197501
1061,7243563442,484918907,168270593
1062,7243471380,485354251,168421660
1063,7242861837,485880514,168604277
1064,7242182891,486415605,168789958
1065,7241436210,486978308,168985221
1066,7240337272,487454508,169150466
1067,7239635172,487710171,169239182
1068,7239690910,487848473,169287174
1069,7239694091,488234072,169420980
1070,7239241303,488719707,169589500
1071,7238707981,489192705,169753634
1072,7238041010,489691058,169926566
1073,7237132001,490123203,170076524
1074,7236472128,490319241,170144550
1075,7236412874,490552792,170225594
1076,7236332713,490864387,170333720
1077,7236087339,491207952,170452940
1078,7235725387,491631448,170599896
1079,7235001788,492177288,170789306
1080,7233811748,492710955,170974493
1081,7233050444,492976020,171066473
1082,7232785670,493219115,171150828
1083,7232572013,493478201,171240734
1084,7232398532,493771400,171342476
1085,7232232292,494147455,171472970
1086,7231967484,494501657,171595881
1087,7231411572,494825222,171708160
1088,7231081826,494989551,171765183
1089,7231012602,495135700,171815898
1090,7230996061,495295029,171871187
1091,7230935899,495556418,171961891
1092,7230683200,495836831,172059196
1093,7230416829,496077734,172142791
1094,7229971963,496331422,172230823
1095,7229673703,496445307,172270342
1096,7229620490,496530256,172299820
1097,7229687102,496657244,172343886
1098,7229621946,496859040,172413910
1099,7229380404,497077464,172489706
1100,7229146155,497286631,172562288
1101,7228779886,497463263,172623580
1102,7228523026,497562269,172657937
1103,7228436870,497654212,172689841
1104,7228424965,497772903,172731028
1105,7228328650,497944140,172790448
1106,7228081927,498165233,172867170
1107,7227762951,498357574,172933914
1108,7227399170,498534306,172995241
1109,7227182219,498610578,173021708
1110,7227150169,498676791,173044684
1111,7227145650,498785170,173082292
1112,7227099701,498931997,173133242
1113,7226930911,499102818,173192519
1114,7226679969,499295024,173259216
1115,7226381722,499400505,173295818
1116,7226196621,499498653,173329877
1117,7226132755,499556297,173349879
1118,7226114932,499658712,173385418
1119,7226013476,499802438,173435292
1120,7225838871,499980542,173497096
1121,7225533153,500134879,173550652
1122,7225264166,500278383,173600449
1123,7225057548,500345913,173623882
1124,7225018106,500410079,173646149
1125,7225037913,500474934,173668654
1126,7225010329,500608662,173715058
1127,7224791987,500791365,173778458
1128,7224518093,500955501,173835414
1129,7224245538,501061236,173872105
1130,7224144094,501094978,173883814
1131,7224120382,501143694,173900719
1132,7224107868,501237996,173933442
1133,7224076147,501349947,173972290
1134,7223925826,501513728,174029123
1135,7223658579,501654083,174077827
1136,7223332302,501789694,174124885
1137,7223161059,501829927,174138847
1138,7223177763,501871594,174153306
1139,7223214396,501914683,174168257
1140,7223246533,502011517,174201860
1141,7223125709,502144735,174248088
1142,7222951607,502276379,174293769
