date,S_sutra,U,T,R_sutra,population_N
2020-01-22,7899997335.0,2108.0,527,30,7900000000
2020-01-23,7899996843.0,2500.0,625,32,7900000000
2020-01-24,7899995436.0,3620.0,905,39,7900000000
2020-01-25,7899992983.0,5580.0,1395,42,7900000000
2020-01-26,7899989624.0,8256.0,2064,56,7900000000
2020-01-27,7899985615.0,11456.0,2864,65,7900000000
2020-01-28,7899972532.0,21888.0,5472,108,7900000000
2020-01-29,7899969663.0,24168.0,6042,127,7900000000
2020-01-30,7899959395.0,32368.0,8092,145,7900000000
2020-01-31,7899951265.0,38808.0,9702,225,7900000000
2020-02-01,7899940958.0,47004.0,11751,287,7900000000
2020-02-02,7899917969.0,65244.0,16311,476,7900000000
2020-02-03,7899903073.0,77040.0,19260,627,7900000000
2020-02-04,7899883933.0,92168.0,23042,857,7900000000
2020-02-05,7899866300.0,106056.0,26514,1130,7900000000
2020-02-06,7899851942.0,117252.0,29313,1493,7900000000
2020-02-07,7899836064.0,129536.0,32384,2016,7900000000
2020-02-08,7899824813.0,138056.0,34514,2617,7900000000
2020-02-09,7899812178.0,147660.0,36915,3247,7900000000
2020-02-10,7899801941.0,155288.0,38822,3949,7900000000
2020-02-11,7899794666.0,160520.0,40130,4684,7900000000
2020-02-12,7899794444.0,160324.0,40081,5151,7900000000
2020-02-13,7899723256.0,216360.0,54090,6294,7900000000
2020-02-14,7899697684.0,235404.0,58851,8061,7900000000
2020-02-15,7899692313.0,238632.0,59658,9397,7900000000
2020-02-16,7899687278.0,241484.0,60371,10867,7900000000
2020-02-17,7899683983.0,242744.0,60686,12587,7900000000
2020-02-18,7899681633.0,243212.0,60803,14352,7900000000
2020-02-19,7899686217.0,238128.0,59532,16123,7900000000
2020-02-20,7899691644.0,232140.0,58035,18181,7900000000
2020-02-21,7899691346.0,231808.0,57952,18894,7900000000
2020-02-22,7899698528.0,222864.0,55716,22892,7900000000
2020-02-23,7899698638.0,222372.0,55593,23397,7900000000
2020-02-24,7899703126.0,217316.0,54329,25229,7900000000
2020-02-25,7899709568.0,210020.0,52505,27907,7900000000
2020-02-26,7899714632.0,203984.0,50996,30388,7900000000
2020-02-27,7899719488.0,197784.0,49446,33282,7900000000
2020-02-28,7899726096.0,189752.0,47438,36714,7900000000
2020-02-29,7899729025.0,184952.0,46238,39785,7900000000
2020-03-01,7899728874.0,182724.0,45681,42721,7900000000
2020-03-02,7899730510.0,179108.0,44777,45605,7900000000
2020-03-03,7899727938.0,179068.0,44767,48227,7900000000
2020-03-04,7899727990.0,176672.0,44168,51170,7900000000
2020-03-05,7899724794.0,177128.0,44282,53796,7900000000
2020-03-06,7899713146.0,184792.0,46198,55864,7900000000
2020-03-07,7899702437.0,191364.0,47841,58358,7900000000
2020-03-08,7899692795.0,197208.0,49302,60695,7900000000
2020-03-09,7899678520.0,207188.0,51797,62495,7900000000
2020-03-10,7899662353.0,218596.0,54649,64402,7900000000
2020-03-11,7899635361.0,238112.0,59528,66999,7900000000
2020-03-12,7899606897.0,259820.0,64955,68328,7900000000
2020-03-13,7899548635.0,304888.0,76222,70255,7900000000
2020-03-14,7899503663.0,338972.0,84743,72622,7900000000
2020-03-15,7899461134.0,370268.0,92567,76031,7900000000
2020-03-16,7899396519.0,420316.0,105079,78086,7900000000
2020-03-17,7899331625.0,470036.0,117509,80830,7900000000
2020-03-18,7899253768.0,530332.0,132583,83317,7900000000
2020-03-19,7899124897.0,632116.0,158029,84958,7900000000
2020-03-20,7898987027.0,740456.0,185114,87403,7900000000
2020-03-21,7898841880.0,853176.0,213294,91650,7900000000
2020-03-22,7898695688.0,965156.0,241289,97867,7900000000
2020-03-23,7898484865.0,1133424.0,283356,98355,7900000000
2020-03-24,7898313926.0,1262480.0,315620,107974,7900000000
2020-03-25,7898079637.0,1445288.0,361322,113753,7900000000
2020-03-26,7897809055.0,1655056.0,413764,122125,7900000000
2020-03-27,7897524540.0,1875640.0,468910,130910,7900000000
2020-03-28,7897210674.0,2119924.0,529981,139421,7900000000
2020-03-29,7896965918.0,2308164.0,577041,148877,7900000000
2020-03-30,7896702207.0,2506864.0,626716,164213,7900000000
2020-03-31,7896364357.0,2766272.0,691568,177803,7900000000
2020-04-01,7895993660.0,3050612.0,762653,193075,7900000000
2020-04-02,7895649992.0,3311832.0,827958,210218,7900000000
2020-04-03,7895290630.0,3586984.0,896746,225640,7900000000
2020-04-04,7895071673.0,3745820.0,936455,246052,7900000000
2020-04-05,7894768442.0,3977336.0,994334,259888,7900000000
2020-04-06,7894461648.0,4209404.0,1052351,276597,7900000000
2020-04-07,7894210006.0,4392108.0,1098027,299859,7900000000
2020-04-08,7893914654.0,4605284.0,1151321,328741,7900000000
2020-04-09,7893579765.0,4852992.0,1213248,353995,7900000000
2020-04-10,7893234607.0,5111728.0,1277932,375733,7900000000
2020-04-11,7892962032.0,5308788.0,1327197,401983,7900000000
2020-04-12,7892446659.0,5705580.0,1426395,421366,7900000000
2020-04-13,7892196527.0,5883880.0,1470970,448623,7900000000
2020-04-14,7891873658.0,6122116.0,1530529,473697,7900000000
2020-04-15,7891628534.0,6288984.0,1572246,510236,7900000000
2020-04-16,7891279726.0,6543324.0,1635831,541119,7900000000
2020-04-17,7890945062.0,6790108.0,1697527,567303,7900000000
2020-04-18,7890649266.0,7007652.0,1751913,591169,7900000000
2020-04-19,7890394788.0,7185808.0,1796452,622952,7900000000
2020-04-20,7890101090.0,7403024.0,1850756,645130,7900000000
2020-04-21,7889859863.0,7568164.0,1892041,679932,7900000000
2020-04-22,7889570013.0,7775976.0,1943994,710017,7900000000
2020-04-23,7889271348.0,7991924.0,1997981,738747,7900000000
2020-04-24,7889053649.0,8126060.0,2031515,788776,7900000000
2020-04-25,7888748644.0,8347860.0,2086965,816531,7900000000
2020-04-26,7888509917.0,8515792.0,2128948,845343,7900000000
2020-04-27,7888266533.0,8688192.0,2172048,873227,7900000000
2020-04-28,7888020221.0,8858672.0,2214668,906439,7900000000
2020-04-29,7887801889.0,8999676.0,2249919,948516,7900000000
2020-04-30,7887644093.0,9073820.0,2268455,1013632,7900000000
2020-05-01,7887351991.0,9276976.0,2319244,1051789,7900000000
2020-05-02,7887123285.0,9427420.0,2356855,1092440,7900000000
2020-05-03,7886883432.0,9593276.0,2398319,1124973,7900000000
2020-05-04,7886631591.0,9767480.0,2441870,1159059,7900000000
2020-05-05,7886379058.0,9940328.0,2485082,1195532,7900000000
2020-05-06,7886111424.0,10117540.0,2529385,1241651,7900000000
2020-05-07,7885823834.0,10315992.0,2578998,1281176,7900000000
2020-05-08,7885517071.0,10532272.0,2633068,1317589,7900000000
2020-05-09,7885309120.0,10655880.0,2663970,1371030,7900000000
2020-05-10,7885068241.0,10821536.0,2705384,1404839,7900000000
2020-05-11,7884875076.0,10938560.0,2734640,1451724,7900000000
2020-05-12,7884596844.0,11131512.0,2782878,1488766,7900000000
2020-05-13,7884398592.0,11245416.0,2811354,1544638,7900000000
2020-05-14,7884079226.0,11469140.0,2867285,1584349,7900000000
2020-05-15,7883792128.0,11660336.0,2915084,1632452,7900000000
2020-05-16,7883548322.0,11810252.0,2952563,1688863,7900000000
2020-05-17,7883320539.0,11959672.0,2989918,1729871,7900000000
2020-05-18,7883086543.0,12104536.0,3026134,1782787,7900000000
2020-05-19,7882815661.0,12279600.0,3069900,1834839,7900000000
2020-05-20,7882524426.0,12465412.0,3116353,1893809,7900000000
2020-05-21,7882199441.0,12684424.0,3171106,1945029,7900000000
2020-05-22,7882096919.0,12679604.0,3169901,2053576,7900000000
2020-05-23,7881795505.0,12876868.0,3219217,2108410,7900000000
2020-05-24,7881551533.0,13027624.0,3256906,2163937,7900000000
2020-05-25,7881365334.0,13125600.0,3281400,2227666,7900000000
2020-05-26,7881124132.0,13274440.0,3318610,2282818,7900000000
2020-05-27,7880864660.0,13431356.0,3357839,2346145,7900000000
2020-05-28,7880532147.0,13643876.0,3410969,2413008,7900000000
2020-05-29,7880234027.0,13820560.0,3455140,2490273,7900000000
2020-05-30,7879840612.0,14078932.0,3519733,2560723,7900000000
2020-05-31,7879631848.0,14184836.0,3546209,2637107,7900000000
2020-06-01,7879350228.0,14366192.0,3591548,2692032,7900000000
2020-06-02,7879153471.0,14440308.0,3610077,2796144,7900000000
2020-06-03,7878913755.0,14568808.0,3642202,2875235,7900000000
2020-06-04,7878502885.0,14841448.0,3710362,2945305,7900000000
2020-06-05,7878112515.0,15098412.0,3774603,3014470,7900000000
2020-06-06,7877754681.0,15326916.0,3831729,3086674,7900000000
2020-06-07,7877420057.0,15550528.0,3887632,3141783,7900000000
2020-06-08,7877511261.0,15356276.0,3839069,3293394,7900000000
2020-06-09,7877210431.0,15531124.0,3882781,3375664,7900000000
2020-06-10,7876841305.0,15763088.0,3940772,3454835,7900000000
2020-06-11,7876503891.0,15964316.0,3991079,3540714,7900000000
2020-06-12,7876185401.0,16155332.0,4038833,3620434,7900000000
2020-06-13,7875859429.0,16347396.0,4086849,3706326,7900000000
2020-06-14,7875482970.0,16591908.0,4147977,3777145,7900000000
2020-06-15,7875179510.0,16770456.0,4192614,3857420,7900000000
2020-06-16,7874851467.0,16954600.0,4238650,3955283,7900000000
2020-06-17,7874610781.0,17052084.0,4263021,4074114,7900000000
2020-06-18,7874219963.0,17299808.0,4324952,4155277,7900000000
2020-06-19,7873694943.0,17643832.0,4410958,4250267,7900000000
2020-06-20,7873228944.0,17923948.0,4480987,4366121,7900000000
2020-06-21,7873038378.0,18021452.0,4505363,4434807,7900000000
2020-06-22,7872693250.0,18224248.0,4556062,4526440,7900000000
2020-06-23,7872268855.0,18480520.0,4620130,4630495,7900000000
2020-06-24,7871874679.0,18703260.0,4675815,4746246,7900000000
2020-06-25,7871348640.0,19049784.0,4762446,4839130,7900000000
2020-06-26,7870810110.0,19395824.0,4848956,4945110,7900000000
2020-06-27,7870353194.0,19676328.0,4919082,5051396,7900000000
2020-06-28,7869867721.0,19993344.0,4998336,5140599,7900000000
2020-06-29,7869482595.0,20225788.0,5056447,5235170,7900000000
2020-06-30,7869033100.0,20491512.0,5122878,5352510,7900000000
2020-07-01,7868421116.0,20888368.0,5222092,5468424,7900000000
2020-07-02,7868536002.0,20568512.0,5142128,5753358,7900000000
2020-07-03,7867962364.0,20939512.0,5234878,5863246,7900000000
2020-07-04,7867796834.0,20915328.0,5228832,6059006,7900000000
2020-07-05,7867343186.0,21182756.0,5295689,6178369,7900000000
2020-07-06,7866996617.0,21361052.0,5340263,6302068,7900000000
2020-07-07,7866528904.0,21619196.0,5404799,6447101,7900000000
2020-07-08,7866084698.0,21848116.0,5462029,6605157,7900000000
2020-07-09,7865500190.0,22208028.0,5552007,6739775,7900000000
2020-07-10,7864893569.0,22581768.0,5645442,6879221,7900000000
2020-07-11,7864332237.0,22930280.0,5732570,7004913,7900000000
2020-07-12,7863814921.0,23254664.0,5813666,7116749,7900000000
2020-07-13,7863403823.0,23471284.0,5867821,7257072,7900000000
2020-07-14,7862867696.0,23786384.0,5946596,7399324,7900000000
2020-07-15,7862357990.0,24066304.0,6016576,7559130,7900000000
2020-07-16,7861743370.0,24436012.0,6109003,7711615,7900000000
2020-07-17,7861289954.0,24652008.0,6163002,7895036,7900000000
2020-07-18,7860716397.0,24990224.0,6247556,8045823,7900000000
2020-07-19,7860009174.0,25485556.0,6371389,8133881,7900000000
2020-07-20,7859604966.0,25681620.0,6420405,8293009,7900000000
2020-07-21,7859088645.0,25954920.0,6488730,8467705,7900000000
2020-07-22,7858430793.0,26337416.0,6584354,8647437,7900000000
2020-07-23,7857737558.0,26751020.0,6687755,8823667,7900000000
2020-07-24,7857233228.0,26971844.0,6742961,9051967,7900000000
2020-07-25,7856864691.0,27090824.0,6772706,9271779,7900000000
2020-07-26,7856378850.0,27364856.0,6841214,9415080,7900000000
2020-07-27,7855892452.0,27616868.0,6904217,9586463,7900000000
2020-07-28,7855254849.0,27990584.0,6997646,9756921,7900000000
2020-07-29,7854714023.0,28261176.0,7065294,9959507,7900000000
2020-07-30,7854159194.0,28534224.0,7133556,10173026,7900000000
2020-07-31,7853520308.0,28885648.0,7221412,10372632,7900000000
2020-08-01,7853012597.0,29147088.0,7286772,10553543,7900000000
2020-08-02,7852414438.0,29514636.0,7378659,10692267,7900000000
2020-08-03,7852273933.0,29449084.0,7362271,10914712,7900000000
2020-08-04,7851842041.0,29615672.0,7403918,11138369,7900000000
2020-08-05,7851353041.0,29829516.0,7457379,11360064,7900000000
2020-08-06,7850674759.0,30221096.0,7555274,11548871,7900000000
2020-08-07,7850030773.0,30582648.0,7645662,11740917,7900000000
2020-08-08,7849505614.0,30842580.0,7710645,11941161,7900000000
2020-08-09,7849055751.0,31059448.0,7764862,12119939,7900000000
2020-08-10,7848546535.0,31335452.0,7833863,12284150,7900000000
2020-08-11,7848438992.0,31177432.0,7794358,12589218,7900000000
2020-08-12,7848026222.0,31315132.0,7828783,12829863,7900000000
2020-08-13,7847231416.0,31819844.0,7954961,12993779,7900000000
2020-08-14,7846829019.0,31915168.0,7978792,13277021,7900000000
2020-08-15,7846258305.0,32236856.0,8059214,13445625,7900000000
2020-08-16,7846139916.0,32145204.0,8036301,13678579,7900000000
2020-08-17,7845919554.0,32152684.0,8038171,13889591,7900000000
2020-08-18,7845532914.0,32279920.0,8069980,14117186,7900000000
2020-08-19,7845017532.0,32517828.0,8129457,14335183,7900000000
2020-08-20,7844491297.0,32772584.0,8193146,14542973,7900000000
2020-08-21,7843855508.0,33146420.0,8286605,14711467,7900000000
2020-08-22,7843377531.0,33360868.0,8340217,14921384,7900000000
2020-08-23,7843229860.0,33305780.0,8326445,15137915,7900000000
2020-08-24,7842887044.0,33420496.0,8355124,15337336,7900000000
2020-08-25,7842587200.0,33475132.0,8368783,15568885,7900000000
2020-08-26,7842081681.0,33698960.0,8424740,15794619,7900000000
2020-08-27,7841474314.0,34019064.0,8504766,16001856,7900000000
2020-08-28,7840851091.0,34358348.0,8589587,16200974,7900000000
2020-08-29,7840393073.0,34555632.0,8638908,16412387,7900000000
2020-08-30,7840135343.0,34593624.0,8648406,16622627,7900000000
2020-08-31,7839616968.0,34847692.0,8711923,16823417,7900000000
2020-09-01,7839314396.0,34883380.0,8720845,17081379,7900000000
2020-09-02,7838781894.0,35133992.0,8783498,17300616,7900000000
2020-09-03,7838240220.0,35390236.0,8847559,17521985,7900000000
2020-09-04,7837585564.0,35743160.0,8935790,17735486,7900000000
2020-09-05,7837020911.0,36034092.0,9008523,17936474,7900000000
2020-09-06,7836723085.0,36102920.0,9025730,18148265,7900000000
2020-09-07,7836426862.0,36181860.0,9045465,18345813,7900000000
2020-09-08,7836001490.0,36360720.0,9090180,18547610,7900000000
2020-09-09,7835536008.0,36540892.0,9135223,18787877,7900000000
2020-09-10,7834880687.0,36891820.0,9222955,19004538,7900000000
2020-09-11,7834193557.0,37262588.0,9315647,19228208,7900000000
2020-09-12,7833641668.0,37525752.0,9381438,19451142,7900000000
2020-09-13,7833148885.0,37769700.0,9442425,19638990,7900000000
2020-09-14,7832727181.0,37924264.0,9481066,19867489,7900000000
2020-09-15,7832229569.0,38141324.0,9535331,20093776,7900000000
2020-09-16,7831622717.0,38443224.0,9610806,20323253,7900000000
2020-09-17,7830925696.0,38824672.0,9706168,20543464,7900000000
2020-09-18,7830297062.0,39126660.0,9781665,20794613,7900000000
2020-09-19,7829779407.0,39351196.0,9837799,21031598,7900000000
2020-09-20,7829452070.0,39423404.0,9855851,21268675,7900000000
2020-09-21,7829134437.0,39481128.0,9870282,21514153,7900000000
2020-09-22,7828590414.0,39740832.0,9935208,21733546,7900000000
2020-09-23,7828085801.0,39933792.0,9983448,21996959,7900000000
2020-09-24,7827503716.0,40194924.0,10048731,22252629,7900000000
2020-09-25,7826807478.0,40560548.0,10140137,22491837,7900000000
2020-09-26,7826425495.0,40656420.0,10164105,22753980,7900000000
2020-09-27,7826046041.0,40788880.0,10197220,22967859,7900000000
2020-09-28,7825629964.0,40943708.0,10235927,23190401,7900000000
2020-09-29,7825181100.0,41109772.0,10277443,23431685,7900000000
2020-09-30,7824551237.0,41415088.0,10353772,23679903,7900000000
2020-10-01,7823841845.0,41805368.0,10451342,23901445,7900000000
2020-10-02,7822883460.0,42434248.0,10608562,24073730,7900000000
2020-10-03,7822419089.0,42601264.0,10650316,24329331,7900000000
2020-10-04,7822005065.0,42754756.0,10688689,24551490,7900000000
2020-10-05,7821398212.0,43050264.0,10762566,24788958,7900000000
2020-10-06,7820748101.0,43384252.0,10846063,25021584,7900000000
2020-10-07,7820022895.0,43760264.0,10940066,25276775,7900000000
2020-10-08,7819104314.0,44319524.0,11079881,25496281,7900000000
2020-10-09,7818129459.0,44933976.0,11233494,25703071,7900000000
2020-10-10,7817133459.0,45574452.0,11393613,25898476,7900000000
2020-10-11,7816576549.0,45841868.0,11460467,26121116,7900000000
2020-10-12,7815926900.0,46201492.0,11550373,26321235,7900000000
2020-10-13,7815099820.0,46709200.0,11677300,26513680,7900000000
2020-10-14,7814045040.0,47383196.0,11845799,26725965,7900000000
2020-10-15,7812839368.0,48181872.0,12045468,26933292,7900000000
2020-10-16,7811598824.0,49011896.0,12252974,27136306,7900000000
2020-10-17,7810531291.0,49707296.0,12426824,27334589,7900000000
2020-10-18,7809681120.0,50226224.0,12556556,27536100,7900000000
2020-10-19,7808616494.0,50915900.0,12728975,27738631,7900000000
2020-10-20,7807517912.0,51625608.0,12906402,27950078,7900000000
2020-10-21,7806164745.0,52539164.0,13134791,28161300,7900000000
2020-10-22,7804661532.0,53560300.0,13390075,28388093,7900000000
2020-10-23,7803018963.0,54708968.0,13677242,28594827,7900000000
2020-10-24,7801583562.0,55688024.0,13922006,28806408,7900000000
2020-10-25,7800578429.0,56334324.0,14083581,29003666,7900000000
2020-10-26,7799119749.0,57309960.0,14327490,29242801,7900000000
2020-10-27,7799136254.0,56824992.0,14206248,29832506,7900000000
2020-10-28,7797591257.0,57848220.0,14462055,30098468,7900000000
2020-10-29,7795821386.0,59066716.0,14766679,30345219,7900000000
2020-10-30,7793985772.0,60330588.0,15082647,30600993,7900000000
2020-10-31,7792602563.0,61241692.0,15310423,30845322,7900000000
2020-11-01,7791438406.0,61966660.0,15491665,31103269,7900000000
2020-11-02,7789817109.0,63039588.0,15759897,31383406,7900000000
2020-11-03,7787995831.0,64295352.0,16073838,31634979,7900000000
2020-11-04,7786652387.0,65146652.0,16286663,31914298,7900000000
2020-11-05,7784770337.0,66409368.0,16602342,32217953,7900000000
2020-11-06,7782807866.0,67748656.0,16937164,32506314,7900000000
2020-11-07,7781007975.0,68949356.0,17237339,32805330,7900000000
2020-11-08,7779566690.0,69899792.0,17474948,33058570,7900000000
2020-11-09,7778045872.0,70910804.0,17727701,33315623,7900000000
2020-11-10,7776221587.0,72164344.0,18041086,33572983,7900000000
2020-11-11,7774619158.0,73142108.0,18285527,33953207,7900000000
2020-11-12,7772323139.0,74797932.0,18699483,34179446,7900000000
2020-11-13,7770226997.0,76233140.0,19058285,34481578,7900000000
2020-11-14,7768403143.0,77469968.0,19367492,34759397,7900000000
2020-11-15,7766875043.0,78507840.0,19626960,34990157,7900000000
2020-11-16,7765809793.0,79047456.0,19761864,35380887,7900000000
2020-11-17,7764532597.0,79722340.0,19930585,35814478,7900000000
2020-11-18,7762873712.0,80758960.0,20189740,36177588,7900000000
2020-11-19,7761100978.0,81877708.0,20469427,36551887,7900000000
2020-11-20,7759152519.0,83152136.0,20788034,36907311,7900000000
2020-11-21,7757546744.0,84165340.0,21041335,37246581,7900000000
2020-11-22,7756151240.0,85062764.0,21265691,37520305,7900000000
2020-11-23,7755126042.0,85553952.0,21388488,37931518,7900000000
2020-11-24,7753660828.0,86428380.0,21607095,38303697,7900000000
2020-11-25,7752325073.0,87147056.0,21786764,38741107,7900000000
2020-11-26,7750846272.0,88036596.0,22009149,39107983,7900000000
2020-11-27,7748896066.0,89291460.0,22322865,39489609,7900000000
2020-11-28,7747297055.0,90282904.0,22570726,39849315,7900000000
2020-11-29,7746092082.0,90992256.0,22748064,40167598,7900000000
2020-11-30,7745168221.0,91409540.0,22852385,40569854,7900000000
2020-12-01,7743998522.0,91964336.0,22991084,41046058,7900000000
2020-12-02,7742648991.0,92673620.0,23168405,41508984,7900000000
2020-12-03,7740903942.0,93728072.0,23432018,41935968,7900000000
2020-12-04,7739384615.0,94551040.0,23637760,42426585,7900000000
2020-12-05,7737916647.0,95376656.0,23844164,42862533,7900000000
2020-12-06,7736461118.0,96288244.0,24072061,43178577,7900000000
2020-12-07,7735439444.0,96775072.0,24193768,43591716,7900000000
2020-12-08,7734049198.0,97534652.0,24383663,44032487,7900000000
2020-12-09,7732428368.0,98490132.0,24622533,44458967,7900000000
2020-12-10,7726916237.0,102506856.0,25626714,44950193,7900000000
2020-12-11,7725300042.0,103417300.0,25854325,45428333,7900000000
2020-12-12,7728076364.0,99992288.0,24998072,46933276,7900000000
2020-12-13,7726962870.0,100566988.0,25141747,47328395,7900000000
2020-12-14,7700247102.0,126731600.0,31682900,41338398,7900000000
2020-12-15,7698436653.0,127893428.0,31973357,41696562,7900000000
2020-12-16,7696297823.0,129314716.0,32328679,42058782,7900000000
2020-12-17,7694106449.0,130767488.0,32691872,42434191,7900000000
2020-12-18,7691770171.0,132382328.0,33095582,42751919,7900000000
2020-12-19,7689998990.0,133518004.0,33379501,43103505,7900000000
2020-12-20,7688369801.0,134599892.0,33649973,43380334,7900000000
2020-12-21,7687011571.0,135411900.0,33852975,43723554,7900000000
2020-12-22,7685207026.0,136564988.0,34141247,44086739,7900000000
2020-12-23,7683093111.0,137996808.0,34499202,44410879,7900000000
2020-12-24,7680884844.0,139511684.0,34877921,44725551,7900000000
2020-12-25,7679585148.0,140318156.0,35079539,45017157,7900000000
2020-12-26,7678554584.0,140816076.0,35204019,45425321,7900000000
2020-12-27,7677658166.0,141299300.0,35324825,45717709,7900000000
2020-12-28,7676355945.0,142102336.0,35525584,46016135,7900000000
2020-12-29,7674408950.0,143377456.0,35844364,46369230,7900000000
2020-12-30,7672335430.0,144725676.0,36181419,46757475,7900000000
2020-12-31,7669330118.0,146891260.0,36722815,47055807,7900000000
2021-01-01,7667724874.0,147932812.0,36983203,47359111,7900000000
2021-01-02,7665723734.0,149329576.0,37332394,47614296,7900000000
2021-01-03,7664196012.0,150336968.0,37584242,47882778,7900000000
2021-01-04,7662570439.0,151405100.0,37851275,48173186,7900000000
2021-01-05,7660127433.0,153107216.0,38276804,48488547,7900000000
2021-01-06,7657425368.0,155018368.0,38754592,48801672,7900000000
2021-01-07,7654371302.0,157202476.0,39300619,49125603,7900000000
2021-01-08,7651383279.0,159355084.0,39838771,49422866,7900000000
2021-01-09,7648922924.0,161059172.0,40264793,49753111,7900000000
2021-01-10,7646997429.0,162383128.0,40595782,50023661,7900000000
2021-01-11,7645086211.0,163679872.0,40919968,50313949,7900000000
2021-01-12,7642997759.0,165075788.0,41268947,50657506,7900000000
2021-01-13,7640745638.0,166584636.0,41646159,51023567,7900000000
2021-01-14,7638441728.0,168129488.0,42032372,51396412,7900000000
2021-01-15,7635804951.0,169982412.0,42495603,51717034,7900000000
2021-01-16,7633788811.0,171341680.0,42835420,52034089,7900000000
2021-01-17,7632413621.0,172189260.0,43047315,52349804,7900000000
2021-01-18,7631102398.0,172983236.0,43245809,52668557,7900000000
2021-01-19,7629750264.0,173742588.0,43435647,53071501,7900000000
2021-01-20,7627625318.0,175180328.0,43795082,53399272,7900000000
2021-01-21,7625746094.0,176390796.0,44097699,53765411,7900000000
2021-01-22,7623955692.0,177517712.0,44379428,54147168,7900000000
2021-01-23,7622338084.0,178558604.0,44639651,54463661,7900000000
2021-01-24,7621272002.0,179162704.0,44790676,54774618,7900000000
2021-01-25,7620122006.0,179831148.0,44957787,55089059,7900000000
2021-01-26,7618633618.0,180758224.0,45189556,55418602,7900000000
2021-01-27,7616991874.0,181799004.0,45449751,55759371,7900000000
2021-01-28,7615178935.0,182996828.0,45749207,56075030,7900000000
2021-01-29,7613690453.0,183896328.0,45974082,56439137,7900000000
2021-01-30,7612520797.0,184551120.0,46137780,56790303,7900000000
2021-01-31,7611693348.0,184981960.0,46245490,57079202,7900000000
2021-02-01,7610568906.0,185663400.0,46415850,57351844,7900000000
2021-02-02,7609642396.0,186124456.0,46531114,57702034,7900000000
2021-02-03,7608335539.0,186906064.0,46726516,58031881,7900000000
2021-02-04,7607152625.0,187617204.0,46904301,58325870,7900000000
2021-02-05,7605595248.0,188638076.0,47159519,58607157,7900000000
2021-02-06,7604597486.0,189200640.0,47300160,58901714,7900000000
2021-02-07,7603949486.0,189497092.0,47374273,59179149,7900000000
2021-02-08,7603181237.0,189925424.0,47481356,59411983,7900000000
2021-02-09,7602631219.0,190068152.0,47517038,59783591,7900000000
2021-02-10,7601506131.0,190752776.0,47688194,60052899,7900000000
2021-02-11,7600391636.0,191423504.0,47855876,60328984,7900000000
2021-02-12,7599394087.0,191991464.0,47997866,60616583,7900000000
2021-02-13,7598476619.0,192528444.0,48132111,60862826,7900000000
2021-02-14,7597715118.0,192981300.0,48245325,61058257,7900000000
2021-02-15,7597465460.0,192950136.0,48237534,61346870,7900000000
2021-02-16,7596608115.0,193447688.0,48361922,61582275,7900000000
2021-02-17,7595851984.0,193817440.0,48454360,61876216,7900000000
2021-02-18,7594744456.0,194514168.0,48628542,62112834,7900000000
2021-02-19,7593634690.0,195214272.0,48803568,62347470,7900000000
2021-02-20,7592835504.0,195638248.0,48909562,62616686,7900000000
2021-02-21,7592106717.0,196047472.0,49011868,62833943,7900000000
2021-02-22,7591359152.0,196499468.0,49124867,63016513,7900000000
2021-02-23,7590509962.0,196955916.0,49238979,63295143,7900000000
2021-02-24,7589123148.0,197897800.0,49474450,63504602,7900000000
2021-02-25,7587769096.0,198798888.0,49699722,63732294,7900000000
2021-02-26,7586600468.0,199525576.0,49881394,63992562,7900000000
2021-02-27,7585619671.0,200109636.0,50027409,64243284,7900000000
2021-02-28,7584781454.0,200640068.0,50160017,64418461,7900000000
2021-03-01,7584113653.0,201002368.0,50250592,64633387,7900000000
2021-03-02,7583627754.0,201175004.0,50293751,64903491,7900000000
2021-03-03,7582336156.0,202024756.0,50506189,65132899,7900000000
2021-03-04,7581045236.0,202857268.0,50714317,65383179,7900000000
2021-03-05,7579705191.0,203748216.0,50937054,65609539,7900000000
2021-03-06,7578581068.0,204458312.0,51114578,65846042,7900000000
2021-03-07,7577662128.0,205002808.0,51250702,66084362,7900000000
2021-03-08,7577233015.0,205126452.0,51281613,66358920,7900000000
2021-03-09,7576211727.0,205733696.0,51433424,66621153,7900000000
2021-03-10,7574858816.0,206627740.0,51656935,66856509,7900000000
2021-03-11,7573500884.0,207495992.0,51873998,67129126,7900000000
2021-03-12,7572128868.0,208378760.0,52094690,67397682,7900000000
2021-03-13,7570861016.0,209191016.0,52297754,67650214,7900000000
2021-03-14,7570018393.0,209668564.0,52417141,67895902,7900000000
2021-03-15,7569407489.0,209925384.0,52481346,68185781,7900000000
2021-03-16,7568138259.0,210727580.0,52681895,68452266,7900000000
2021-03-17,7566467823.0,211852300.0,52963075,68716802,7900000000
2021-03-18,7564804482.0,212967712.0,53241928,68985878,7900000000
2021-03-19,7563108031.0,214101624.0,53525406,69264939,7900000000
2021-03-20,7561648640.0,215062568.0,53765642,69523150,7900000000
2021-03-21,7560566691.0,215704048.0,53926012,69803249,7900000000
2021-03-22,7559799252.0,216050296.0,54012574,70137878,7900000000
2021-03-23,7558522625.0,216821084.0,54205271,70451020,7900000000
2021-03-24,7556716698.0,217997312.0,54499328,70786662,7900000000
2021-03-25,7554703001.0,219358816.0,54839704,71098479,7900000000
2021-03-26,7552961135.0,220460640.0,55115160,71463065,7900000000
2021-03-27,7551259482.0,221577760.0,55394440,71768318,7900000000
2021-03-28,7550111364.0,222233224.0,55558306,72097106,7900000000
2021-03-29,7549032728.0,222852584.0,55713146,72401542,7900000000
2021-03-30,7547562670.0,223760436.0,55940109,72736785,7900000000
2021-03-31,7545723226.0,224925984.0,56231496,73119294,7900000000
2021-04-01,7543553275.0,226386116.0,56596529,73464080,7900000000
2021-04-02,7541610178.0,227684428.0,56921107,73784287,7900000000
2021-04-03,7540372432.0,228381824.0,57095456,74150288,7900000000
2021-04-04,7538965574.0,229228760.0,57307190,74498476,7900000000
2021-04-05,7537871881.0,229825464.0,57456366,74846289,7900000000
2021-04-06,7536314395.0,230775456.0,57693864,75216285,7900000000
2021-04-07,7534931920.0,231494792.0,57873698,75699590,7900000000
2021-04-08,7532332676.0,233257980.0,58314495,76094849,7900000000
2021-04-09,7530410938.0,234432400.0,58608100,76548562,7900000000
2021-04-10,7528597694.0,235575000.0,58893750,76933556,7900000000
2021-04-11,7527171522.0,236291560.0,59072890,77464028,7900000000
2021-04-12,7525681220.0,237168016.0,59292004,77858760,7900000000
2021-04-13,7523807948.0,238277464.0,59569366,78345222,7900000000
2021-04-14,7521538938.0,239735160.0,59933790,78792112,7900000000
2021-04-15,7519210391.0,241242476.0,60310619,79236514,7900000000
2021-04-16,7516927609.0,242665408.0,60666352,79740631,7900000000
2021-04-17,7515031818.0,243767212.0,60941803,80259167,7900000000
2021-04-18,7513852032.0,244246888.0,61061722,80839358,7900000000
2021-04-19,7512538872.0,244869116.0,61217279,81374733,7900000000
2021-04-20,7510760235.0,245808156.0,61452039,81979570,7900000000
2021-04-21,7508363225.0,247315924.0,61828981,82491870,7900000000
2021-04-22,7506411404.0,248368344.0,62092086,83128166,7900000000
2021-04-23,7504432437.0,249439652.0,62359913,83767998,7900000000
2021-04-24,7502616451.0,250431408.0,62607852,84344289,7900000000
2021-04-25,7501109277.0,251210096.0,62802524,84878103,7900000000
2021-04-26,7500413491.0,251216832.0,62804208,85565469,7900000000
2021-04-27,7498941497.0,251849704.0,62962426,86246373,7900000000
2021-04-28,7496834202.0,253058208.0,63264552,86843038,7900000000
2021-04-29,7495193291.0,253805084.0,63451271,87550354,7900000000
2021-04-30,7493482830.0,254624176.0,63656044,88236950,7900000000
2021-05-01,7492238080.0,255074016.0,63768504,88919400,7900000000
2021-05-02,7491573781.0,255051044.0,63762761,89612414,7900000000
2021-05-03,7490695452.0,255238916.0,63809729,90255903,7900000000
2021-05-04,7489398272.0,255751140.0,63937785,90912803,7900000000
2021-05-05,7488042195.0,256265216.0,64066304,91626285,7900000000
2021-05-06,7486380413.0,257054152.0,64263538,92301897,7900000000
2021-05-07,7484990799.0,257608940.0,64402235,92998026,7900000000
2021-05-08,7483893329.0,257918112.0,64479528,93709031,7900000000
2021-05-09,7483297456.0,257864576.0,64466144,94371824,7900000000
2021-05-10,7482683980.0,257852408.0,64463102,95000510,7900000000
2021-05-11,7482059001.0,257751588.0,64437897,95751514,7900000000
2021-05-12,7480811762.0,258231340.0,64557835,96399063,7900000000
2021-05-13,7479898735.0,258409668.0,64602417,97089180,7900000000
2021-05-14,7479012298.0,258586540.0,64646635,97754527,7900000000
2021-05-15,7478424386.0,258542840.0,64635710,98397064,7900000000
2021-05-16,7478360892.0,258059712.0,64514928,99064468,7900000000
2021-05-17,7478621030.0,257256032.0,64314008,99808930,7900000000
2021-05-18,7478495292.0,256762132.0,64190533,100552043,7900000000
2021-05-19,7477927175.0,256658204.0,64164551,101250070,7900000000
2021-05-20,7479062401.0,255240672.0,63810168,101886759,7900000000
2021-05-21,7478389178.0,255287420.0,63821855,102501547,7900000000
2021-05-22,7477994417.0,255109820.0,63777455,103118308,7900000000
2021-05-23,7477594186.0,255028428.0,63757107,103620279,7900000000
2021-05-24,7477849164.0,254322372.0,63580593,104247871,7900000000
2021-05-25,7477490381.0,254147748.0,63536937,104824934,7900000000
2021-05-26,7476871493.0,254198208.0,63549552,105380747,7900000000
2021-05-27,7476926440.0,253596364.0,63399091,106078105,7900000000
2021-05-28,7476618737.0,253398556.0,63349639,106633068,7900000000
2021-05-29,7476247037.0,253289836.0,63322459,107140668,7900000000
2021-05-30,7476257018.0,252889908.0,63222477,107630597,7900000000
2021-05-31,7476438414.0,252321456.0,63080364,108159766,7900000000
2021-06-01,7476473926.0,251825940.0,62956485,108743649,7900000000
2021-06-02,7476149282.0,251662956.0,62915739,109272023,7900000000
2021-06-03,7475463547.0,251868192.0,62967048,109701213,7900000000
2021-06-04,7475441100.0,251465748.0,62866437,110226715,7900000000
2021-06-05,7475370365.0,251139832.0,62784958,110704845,7900000000
2021-06-06,7475521564.0,250665652.0,62666413,111146371,7900000000
2021-06-07,7475600717.0,250264732.0,62566183,111568368,7900000000
2021-06-08,7475409076.0,250086256.0,62521564,111983104,7900000000
2021-06-09,7475128396.0,249948644.0,62487161,112435799,7900000000
2021-06-10,7474515632.0,250107904.0,62526976,112849488,7900000000
2021-06-11,7473907575.0,250293924.0,62573481,113225020,7900000000
2021-06-12,7473421571.0,250411548.0,62602887,113563994,7900000000
2021-06-13,7473626210.0,249904108.0,62476027,113993655,7900000000
2021-06-14,7473466796.0,249754220.0,62438555,114340429,7900000000
2021-06-15,7473433591.0,249412668.0,62353167,114800574,7900000000
2021-06-16,7472884624.0,249572460.0,62393115,115149801,7900000000
2021-06-17,7472426561.0,249634528.0,62408632,115530279,7900000000
2021-06-18,7471687278.0,249970304.0,62492576,115849842,7900000000
2021-06-19,7471278188.0,250032096.0,62508024,116181692,7900000000
2021-06-20,7470814744.0,250190776.0,62547694,116446786,7900000000
2021-06-21,7470760341.0,249948524.0,62487131,116804004,7900000000
2021-06-22,7469922887.0,250375764.0,62593941,117107408,7900000000
2021-06-23,7469538744.0,250363284.0,62590821,117507151,7900000000
2021-06-24,7468651293.0,250841476.0,62710369,117796862,7900000000
2021-06-25,7467877541.0,251197560.0,62799390,118125509,7900000000
2021-06-26,7467241292.0,251470912.0,62867728,118420068,7900000000
2021-06-27,7466720068.0,251680900.0,62920225,118678807,7900000000
2021-06-28,7466364802.0,251703148.0,62925787,119006263,7900000000
2021-06-29,7465632426.0,252054316.0,63013579,119299679,7900000000
2021-06-30,7464758850.0,252528424.0,63132106,119580620,7900000000
2021-07-01,7464292564.0,252559168.0,63139792,120008476,7900000000
2021-07-02,7463245022.0,253164368.0,63291092,120299518,7900000000
2021-07-03,7462454987.0,253580576.0,63395144,120569293,7900000000
2021-07-04,7462011819.0,253696000.0,63424000,120868181,7900000000
2021-07-05,7461590206.0,253739696.0,63434924,121235174,7900000000
2021-07-06,7460648923.0,254230448.0,63557612,121563017,7900000000
2021-07-07,7459395365.0,255018764.0,63754691,121831180,7900000000
2021-07-08,7458156574.0,255775676.0,63943919,122123831,7900000000
2021-07-09,7456946866.0,256472148.0,64118037,122462949,7900000000
2021-07-10,7456618117.0,256379784.0,64094946,122907153,7900000000
2021-07-11,7455930601.0,256697408.0,64174352,123197639,7900000000
2021-07-12,7454968725.0,257225120.0,64306280,123499875,7900000000
2021-07-13,7453474218.0,258193968.0,64548492,123783322,7900000000
2021-07-14,7452103272.0,259026932.0,64756733,124113063,7900000000
2021-07-15,7450345361.0,260208416.0,65052104,124394119,7900000000
2021-07-16,7448928491.0,261029348.0,65257337,124784824,7900000000
2021-07-17,7447607397.0,261861592.0,65465398,125065613,7900000000
2021-07-18,7446772284.0,262276496.0,65569124,125382096,7900000000
2021-07-19,7445551833.0,263007480.0,65751870,125688817,7900000000
2021-07-20,7444170458.0,263856436.0,65964109,126008997,7900000000
2021-07-21,7442616250.0,264854536.0,66213634,126315580,7900000000
2021-07-22,7441214817.0,265690780.0,66422695,126671708,7900000000
2021-07-23,7438559677.0,267617780.0,66904445,126918098,7900000000
2021-07-24,7438468986.0,267276552.0,66819138,127435324,7900000000
2021-07-25,7437550584.0,267749340.0,66937335,127762741,7900000000
2021-07-26,7436049289.0,268710008.0,67177502,128063201,7900000000
2021-07-27,7434400995.0,269751972.0,67437993,128409040,7900000000
2021-07-28,7432497232.0,271005652.0,67751413,128745703,7900000000
2021-07-29,7430676439.0,272183576.0,68045894,129094091,7900000000
2021-07-30,7428243433.0,273884228.0,68471057,129401282,7900000000
2021-07-31,7426872424.0,274737892.0,68684473,129705211,7900000000
2021-08-01,7425613796.0,275513452.0,68878363,129994389,7900000000
2021-08-02,7423890857.0,276665288.0,69166322,130277533,7900000000
2021-08-03,7421937354.0,277984516.0,69496129,130582001,7900000000
2021-08-04,7419803304.0,279438108.0,69859527,130899061,7900000000
2021-08-05,6892778950.0,805776840.0,201444210,0,7900000000
2021-08-06,6888681320.0,809054944.0,202263736,0,7900000000
2021-08-07,6885874975.0,811300020.0,202825005,0,7900000000
2021-08-08,6883536390.0,813170888.0,203292722,0,7900000000
2021-08-09,6880440975.0,815647220.0,203911805,0,7900000000
2021-08-10,6877211915.0,818230468.0,204557617,0,7900000000
2021-08-11,6873558450.0,821153240.0,205288310,0,7900000000
2021-08-12,6870029740.0,823976208.0,205994052,0,7900000000
2021-08-13,6866020765.0,827183388.0,206795847,0,7900000000
2021-08-14,6863256210.0,829395032.0,207348758,0,7900000000
2021-08-15,6860922755.0,831261796.0,207815449,0,7900000000
2021-08-16,6857601035.0,833919172.0,208479793,0,7900000000
2021-08-17,6854187600.0,836649920.0,209162480,0,7900000000
2021-08-18,6850509385.0,839592492.0,209898123,0,7900000000
2021-08-19,6846950715.0,842439428.0,210609857,0,7900000000
2021-08-20,6843024650.0,845580280.0,211395070,0,7900000000
2021-08-21,6840229380.0,847816496.0,211954124,0,7900000000
2021-08-22,6837988980.0,849608816.0,212402204,0,7900000000
2021-08-23,6834568010.0,852345592.0,213086398,0,7900000000
2021-08-24,6831184145.0,855052684.0,213763171,0,7900000000
2021-08-25,6827497090.0,858002328.0,214500582,0,7900000000
2021-08-26,6823814845.0,860948124.0,215237031,0,7900000000
2021-08-27,6820059230.0,863952616.0,215988154,0,7900000000
2021-08-28,6817273330.0,866181336.0,216545334,0,7900000000
2021-08-29,6815039180.0,867968656.0,216992164,0,7900000000
2021-08-30,6811679925.0,870656060.0,217664015,0,7900000000
2021-08-31,6808576615.0,873138708.0,218284677,0,7900000000
2021-09-01,6804981215.0,876015028.0,219003757,0,7900000000
2021-09-02,6801597340.0,878722128.0,219680532,0,7900000000
2021-09-03,6797979475.0,881616420.0,220404105,0,7900000000
2021-09-04,6795495920.0,883603264.0,220900816,0,7900000000
2021-09-05,6793261060.0,885391152.0,221347788,0,7900000000
2021-09-06,6790872195.0,887302244.0,221825561,0,7900000000
2021-09-07,6787589745.0,889928204.0,222482051,0,7900000000
2021-09-08,6784401190.0,892479048.0,223119762,0,7900000000
2021-09-09,6781200465.0,895039628.0,223759907,0,7900000000
2021-09-10,6777906910.0,897674472.0,224418618,0,7900000000
2021-09-11,6775564300.0,899548560.0,224887140,0,7900000000
2021-09-12,6773707285.0,901034172.0,225258543,0,7900000000
2021-09-13,6770817775.0,903345780.0,225836445,0,7900000000
2021-09-14,6768068630.0,905545096.0,226386274,0,7900000000
2021-09-15,6765234375.0,907812500.0,226953125,0,7900000000
2021-09-16,6762297605.0,910161916.0,227540479,0,7900000000
2021-09-17,6759181510.0,912654792.0,228163698,0,7900000000
2021-09-18,6756562155.0,914750276.0,228687569,0,7900000000
2021-09-19,6754745170.0,916203864.0,229050966,0,7900000000
2021-09-20,6752094215.0,918324628.0,229581157,0,7900000000
2021-09-21,6749650815.0,920279348.0,230069837,0,7900000000
2021-09-22,6746975925.0,922419260.0,230604815,0,7900000000
2021-09-23,6744237775.0,924609780.0,231152445,0,7900000000
2021-09-24,6741491545.0,926806764.0,231701691,0,7900000000
2021-09-25,6739621535.0,928302772.0,232075693,0,7900000000
2021-09-26,6737842440.0,929726048.0,232431512,0,7900000000
2021-09-27,6735428595.0,931657124.0,232914281,0,7900000000
2021-09-28,6733173710.0,933461032.0,233365258,0,7900000000
2021-09-29,6730718825.0,935424940.0,233856235,0,7900000000
2021-09-30,6728269340.0,937384528.0,234346132,0,7900000000
2021-10-01,6725659330.0,939472536.0,234868134,0,7900000000
2021-10-02,6723906120.0,940875104.0,235218776,0,7900000000
2021-10-03,6722360905.0,942111276.0,235527819,0,7900000000
2021-10-04,6720125585.0,943899532.0,235974883,0,7900000000
2021-10-05,6718011340.0,945590928.0,236397732,0,7900000000
2021-10-06,6715476075.0,947619140.0,236904785,0,7900000000
2021-10-07,6713166905.0,949466476.0,237366619,0,7900000000
2021-10-08,6710789805.0,951368156.0,237842039,0,7900000000
2021-10-09,6709088785.0,952728972.0,238182243,0,7900000000
2021-10-10,6707506520.0,953994784.0,238498696,0,7900000000
2021-10-11,6705566580.0,955546736.0,238886684,0,7900000000
2021-10-12,6703375540.0,957299568.0,239324892,0,7900000000
2021-10-13,6701093430.0,959125256.0,239781314,0,7900000000
2021-10-14,6698826450.0,960938840.0,240234710,0,7900000000
2021-10-15,6696536520.0,962770784.0,240692696,0,7900000000
2021-10-16,6694829730.0,964136216.0,241034054,0,7900000000
2021-10-17,6693263225.0,965389420.0,241347355,0,7900000000
2021-10-18,6691124295.0,967100564.0,241775141,0,7900000000
2021-10-19,6688966455.0,968826836.0,242206709,0,7900000000
2021-10-20,6686584910.0,970732072.0,242683018,0,7900000000
2021-10-21,6684274660.0,972580272.0,243145068,0,7900000000
2021-10-22,6681810540.0,974551568.0,243637892,0,7900000000
2021-10-23,6679959250.0,976032600.0,244008150,0,7900000000
2021-10-24,6678413235.0,977269412.0,244317353,0,7900000000
2021-10-25,6676151235.0,979079012.0,244769753,0,7900000000
2021-10-26,6674018880.0,980784896.0,245196224,0,7900000000
2021-10-27,6671448895.0,982840884.0,245710221,0,7900000000
2021-10-28,6669033765.0,984772988.0,246193247,0,7900000000
2021-10-29,6666563350.0,986749320.0,246687330,0,7900000000
2021-10-30,6664690285.0,988247772.0,247061943,0,7900000000
2021-10-31,6662946050.0,989643160.0,247410790,0,7900000000
2021-11-01,6660657825.0,991473740.0,247868435,0,7900000000
2021-11-02,6658635580.0,993091536.0,248272884,0,7900000000
2021-11-03,6656011620.0,995190704.0,248797676,0,7900000000
2021-11-04,6653424335.0,997260532.0,249315133,0,7900000000
2021-11-05,6650802925.0,999357660.0,249839415,0,7900000000
2021-11-06,6648774180.0,1000980656.0,250245164,0,7900000000
2021-11-07,6647070685.0,1002343452.0,250585863,0,7900000000
2021-11-08,6644445445.0,1004443644.0,251110911,0,7900000000
2021-11-09,6642098375.0,1006321300.0,251580325,0,7900000000
2021-11-10,6639230730.0,1008615416.0,252153854,0,7900000000
2021-11-11,6636626315.0,1010698948.0,252674737,0,7900000000
2021-11-12,6633627550.0,1013097960.0,253274490,0,7900000000
2021-11-13,6631648930.0,1014680856.0,253670214,0,7900000000
2021-11-14,6629907535.0,1016073972.0,254018493,0,7900000000
2021-11-15,6626899605.0,1018480316.0,254620079,0,7900000000
2021-11-16,6624365480.0,1020507616.0,255126904,0,7900000000
2021-11-17,6621289435.0,1022968452.0,255742113,0,7900000000
2021-11-18,6618181150.0,1025455080.0,256363770,0,7900000000
2021-11-19,6615107965.0,1027913628.0,256978407,0,7900000000
2021-11-20,6612917885.0,1029665692.0,257416423,0,7900000000
2021-11-21,6611018925.0,1031184860.0,257796215,0,7900000000
2021-11-22,6607495650.0,1034003480.0,258500870,0,7900000000
2021-11-23,6604532685.0,1036373852.0,259093463,0,7900000000
2021-11-24,6601243160.0,1039005472.0,259751368,0,7900000000
2021-11-25,6598257055.0,1041394356.0,260348589,0,7900000000
2021-11-26,6595188600.0,1043849120.0,260962280,0,7900000000
2021-11-27,6593094575.0,1045524340.0,261381085,0,7900000000
2021-11-28,6591145625.0,1047083500.0,261770875,0,7900000000
2021-11-29,6587433930.0,1050052856.0,262513214,0,7900000000
2021-11-30,6584431595.0,1052454724.0,263113681,0,7900000000
2021-12-01,6580919275.0,1055264580.0,263816145,0,7900000000
2021-12-02,6577383090.0,1058093528.0,264523382,0,7900000000
2021-12-03,6573728900.0,1061016880.0,265254220,0,7900000000
2021-12-04,6571367850.0,1062905720.0,265726430,0,7900000000
2021-12-05,6569268845.0,1064584924.0,266146231,0,7900000000
2021-12-06,6565750235.0,1067399812.0,266849953,0,7900000000
2021-12-07,6562554000.0,1069956800.0,267489200,0,7900000000
2021-12-08,6558997280.0,1072802176.0,268200544,0,7900000000
2021-12-09,6555505360.0,1075595712.0,268898928,0,7900000000
2021-12-10,6552037690.0,1078369848.0,269592462,0,7900000000
2021-12-11,6549703170.0,1080237464.0,270059366,0,7900000000
2021-12-12,6547570420.0,1081943664.0,270485916,0,7900000000
2021-12-13,6544101005.0,1084719196.0,271179799,0,7900000000
2021-12-14,6540917020.0,1087266384.0,271816596,0,7900000000
2021-12-15,6537216150.0,1090227080.0,272556770,0,7900000000
2021-12-16,6533495015.0,1093203988.0,273300997,0,7900000000
2021-12-17,6529657185.0,1096274252.0,274068563,0,7900000000
2021-12-18,6527007475.0,1098394020.0,274598505,0,7900000000
2021-12-19,6524582695.0,1100333844.0,275083461,0,7900000000
2021-12-20,6520532365.0,1103574108.0,275893527,0,7900000000
2021-12-21,6516739060.0,1106608752.0,276652188,0,7900000000
2021-12-22,6512166645.0,1110266684.0,277566671,0,7900000000
2021-12-23,6507106505.0,1114314796.0,278578699,0,7900000000
2021-12-24,6502826005.0,1117739196.0,279434799,0,7900000000
2021-12-25,6499416045.0,1120467164.0,280116791,0,7900000000
2021-12-26,6496538650.0,1122769080.0,280692270,0,7900000000
2021-12-27,6489830555.0,1128135556.0,282033889,0,7900000000
2021-12-28,6483148700.0,1133481040.0,283370260,0,7900000000
2021-12-29,6474624365.0,1140300508.0,285075127,0,7900000000
2021-12-30,6464873735.0,1148101012.0,287025253,0,7900000000
2021-12-31,6456358545.0,1154913164.0,288728291,0,7900000000
2022-01-01,6450342860.0,1159725712.0,289931428,0,7900000000
2022-01-02,6445750305.0,1163399756.0,290849939,0,7900000000
2022-01-03,6434058400.0,1172753280.0,293188320,0,7900000000
2022-01-04,6420991265.0,1183206988.0,295801747,0,7900000000
2022-01-05,6408071220.0,1193543024.0,298385756,0,7900000000
2022-01-06,6394725110.0,1204219912.0,301054978,0,7900000000
2022-01-07,6379956920.0,1216034464.0,304008616,0,7900000000
2022-01-08,6369274000.0,1224580800.0,306145200,0,7900000000
2022-01-09,6359248590.0,1232601128.0,308150282,0,7900000000
2022-01-10,6342990015.0,1245607988.0,311401997,0,7900000000
2022-01-11,6327837980.0,1257729616.0,314432404,0,7900000000
2022-01-12,6310604710.0,1271516232.0,317879058,0,7900000000
2022-01-13,6294669185.0,1284264652.0,321066163,0,7900000000
2022-01-14,6278086920.0,1297530464.0,324382616,0,7900000000
2022-01-15,6265948105.0,1307241516.0,326810379,0,7900000000
2022-01-16,6255092110.0,1315926312.0,328981578,0,7900000000
2022-01-17,6241203045.0,1327037564.0,331759391,0,7900000000
2022-01-18,6222380025.0,1342095980.0,335523995,0,7900000000
2022-01-19,6201963620.0,1358429104.0,339607276,0,7900000000
2022-01-20,6183292150.0,1373366280.0,343341570,0,7900000000
2022-01-21,6164241565.0,1388606748.0,347151687,0,7900000000
2022-01-22,6150992635.0,1399205892.0,349801473,0,7900000000
2022-01-23,6139075945.0,1408739244.0,352184811,0,7900000000
2022-01-24,6120911645.0,1423270684.0,355817671,0,7900000000
2022-01-25,6102642575.0,1437885940.0,359471485,0,7900000000
2022-01-26,6083834210.0,1452932632.0,363233158,0,7900000000
2022-01-27,6065335550.0,1467731560.0,366932890,0,7900000000
2022-01-28,6046940905.0,1482447276.0,370611819,0,7900000000
2022-01-29,6034123195.0,1492701444.0,373175361,0,7900000000
2022-01-30,6023238100.0,1501409520.0,375352380,0,7900000000
2022-01-31,6003940725.0,1516847420.0,379211855,0,7900000000
2022-02-01,5988292065.0,1529366348.0,382341587,0,7900000000
2022-02-02,5972368840.0,1542104928.0,385526232,0,7900000000
2022-02-03,5956398455.0,1554881236.0,388720309,0,7900000000
2022-02-04,5941620630.0,1566703496.0,391675874,0,7900000000
2022-02-05,5931102465.0,1575118028.0,393779507,0,7900000000
2022-02-06,5922288420.0,1582169264.0,395542316,0,7900000000
2022-02-07,5907417840.0,1594065728.0,398516432,0,7900000000
2022-02-08,5894419390.0,1604464488.0,401116122,0,7900000000
2022-02-09,5882254415.0,1614196468.0,403549117,0,7900000000
2022-02-10,5868183045.0,1625453564.0,406363391,0,7900000000
2022-02-11,5856058860.0,1635152912.0,408788228,0,7900000000
2022-02-12,5847433305.0,1642053356.0,410513339,0,7900000000
2022-02-13,5840403605.0,1647677116.0,411919279,0,7900000000
2022-02-14,5830189185.0,1655848652.0,413962163,0,7900000000
2022-02-15,5820835235.0,1663331812.0,415832953,0,7900000000
2022-02-16,5809636205.0,1672291036.0,418072759,0,7900000000
2022-02-17,5799321640.0,1680542688.0,420135672,0,7900000000
2022-02-18,5789404470.0,1688476424.0,422119106,0,7900000000
2022-02-19,5782019065.0,1694384748.0,423596187,0,7900000000
2022-02-20,5776051400.0,1699158880.0,424789720,0,7900000000
2022-02-21,5767523110.0,1705981512.0,426495378,0,7900000000
2022-02-22,5759154490.0,1712676408.0,428169102,0,7900000000
2022-02-23,5749567050.0,1720346360.0,430086590,0,7900000000
2022-02-24,5740627495.0,1727498004.0,431874501,0,7900000000
2022-02-25,5732355965.0,1734115228.0,433528807,0,7900000000
2022-02-26,5725986025.0,1739211180.0,434802795,0,7900000000
2022-02-27,5720725255.0,1743419796.0,435854949,0,7900000000
2022-02-28,5712680865.0,1749855308.0,437463827,0,7900000000
2022-03-01,5704687180.0,1756250256.0,439062564,0,7900000000
2022-03-02,5696387805.0,1762889756.0,440722439,0,7900000000
2022-03-03,5687511770.0,1769990584.0,442497646,0,7900000000
2022-03-04,5678699650.0,1777040280.0,444260070,0,7900000000
2022-03-05,5672247995.0,1782201604.0,445550401,0,7900000000
2022-03-06,5666699265.0,1786640588.0,446660147,0,7900000000
2022-03-07,5657991900.0,1793606480.0,448401620,0,7900000000
2022-03-08,5650070405.0,1799943676.0,449985919,0,7900000000
2022-03-09,5640119505.0,1807904396.0,451976099,0,7900000000
2022-03-10,5630764600.0,1815388320.0,453847080,0,7900000000
2022-03-11,5621401600.0,1822878720.0,455719680,0,7900000000
2022-03-12,5613598065.0,1829121548.0,457280387,0,7900000000
2022-03-13,5607909840.0,1833672128.0,458418032,0,7900000000
2022-03-14,5597920290.0,1841663768.0,460415942,0,7900000000
2022-03-15,5588873280.0,1848901376.0,462225344,0,7900000000
2022-03-16,5577678975.0,1857856820.0,464464205,0,7900000000
2022-03-17,5567289455.0,1866168436.0,466542109,0,7900000000
2022-03-18,5557831820.0,1873734544.0,468433636,0,7900000000
2022-03-19,5550434925.0,1879652060.0,469913015,0,7900000000
2022-03-20,5545630785.0,1883495372.0,470873843,0,7900000000
2022-03-21,5536231360.0,1891014912.0,472753728,0,7900000000
2022-03-22,5526345245.0,1898923804.0,474730951,0,7900000000
2022-03-23,5517325730.0,1906139416.0,476534854,0,7900000000
2022-03-24,5508404725.0,1913276220.0,478319055,0,7900000000
2022-03-25,5499606870.0,1920314504.0,480078626,0,7900000000
2022-03-26,5493984825.0,1924812140.0,481203035,0,7900000000
2022-03-27,5489731020.0,1928215184.0,482053796,0,7900000000
2022-03-28,5480509535.0,1935592372.0,483898093,0,7900000000
2022-03-29,5471750425.0,1942599660.0,485649915,0,7900000000
2022-03-30,5463762050.0,1948990360.0,487247590,0,7900000000
2022-03-31,5455945695.0,1955243444.0,488810861,0,7900000000
2022-04-01,5448850585.0,1960919532.0,490229883,0,7900000000
2022-04-02,5444487280.0,1964410176.0,491102544,0,7900000000
2022-04-03,5441021555.0,1967182756.0,491795689,0,7900000000
2022-04-04,5434854805.0,1972116156.0,493029039,0,7900000000
2022-04-05,5428027820.0,1977577744.0,494394436,0,7900000000
2022-04-06,5421927965.0,1982457628.0,495614407,0,7900000000
2022-04-07,5415536230.0,1987571016.0,496892754,0,7900000000
2022-04-08,5409664245.0,1992268604.0,498067151,0,7900000000
2022-04-09,5405952970.0,1995237624.0,498809406,0,7900000000
2022-04-10,5403144905.0,1997484076.0,499371019,0,7900000000
2022-04-11,5398213270.0,2001429384.0,500357346,0,7900000000
2022-04-12,5392615340.0,2005907728.0,501476932,0,7900000000
2022-04-13,5387240210.0,2010207832.0,502551958,0,7900000000
2022-04-14,5382427195.0,2014058244.0,503514561,0,7900000000
2022-04-15,5379132270.0,2016694184.0,504173546,0,7900000000
2022-04-16,5376359980.0,2018912016.0,504728004,0,7900000000
2022-04-17,5374321170.0,2020543064.0,505135766,0,7900000000
2022-04-18,5372034865.0,2022372108.0,505593027,0,7900000000
2022-04-19,5366944260.0,2026444592.0,506611148,0,7900000000
2022-04-20,5362135680.0,2030291456.0,507572864,0,7900000000
2022-04-21,5357527180.0,2033978256.0,508494564,0,7900000000
2022-04-22,5353369635.0,2037304292.0,509326073,0,7900000000
2022-04-23,5350975760.0,2039219392.0,509804848,0,7900000000
2022-04-24,5349148995.0,2040680804.0,510170201,0,7900000000
2022-04-25,5345963965.0,2043228828.0,510807207,0,7900000000
2022-04-26,5342069240.0,2046344608.0,511586152,0,7900000000
2022-04-27,5338647275.0,2049082180.0,512270545,0,7900000000
2022-04-28,5334850900.0,2052119280.0,513029820,0,7900000000
2022-04-29,5331628685.0,2054697052.0,513674263,0,7900000000
2022-04-30,5329859985.0,2056112012.0,514028003,0,7900000000
2022-05-01,5328312880.0,2057349696.0,514337424,0,7900000000
2022-05-02,5326075730.0,2059139416.0,514784854,0,7900000000
2022-05-03,5322715455.0,2061827636.0,515456909,0,7900000000
2022-05-04,5319577980.0,2064337616.0,516084404,0,7900000000
2022-05-05,5316579810.0,2066736152.0,516684038,0,7900000000
2022-05-06,5313425375.0,2069259700.0,517314925,0,7900000000
2022-05-07,5311728710.0,2070617032.0,517654258,0,7900000000
2022-05-08,5310334445.0,2071732444.0,517933111,0,7900000000
2022-05-09,5306882310.0,2074494152.0,518623538,0,7900000000
2022-05-10,5303676005.0,2077059196.0,519264799,0,7900000000
2022-05-11,5300202460.0,2079838032.0,519959508,0,7900000000
2022-05-12,5296939235.0,2082448612.0,520612153,0,7900000000
2022-05-13,5294074430.0,2084740456.0,521185114,0,7900000000
2022-05-14,5291880800.0,2086495360.0,521623840,0,7900000000
2022-05-15,5290012540.0,2087989968.0,521997492,0,7900000000
2022-05-16,5287060390.0,2090351688.0,522587922,0,7900000000
2022-05-17,5284018560.0,2092785152.0,523196288,0,7900000000
2022-05-18,5280215505.0,2095827596.0,523956899,0,7900000000
2022-05-19,5277235165.0,2098211868.0,524552967,0,7900000000
2022-05-20,5274104605.0,2100716316.0,525179079,0,7900000000
2022-05-21,5272268790.0,2102184968.0,525546242,0,7900000000
2022-05-22,5270689720.0,2103448224.0,525862056,0,7900000000
2022-05-23,5268223980.0,2105420816.0,526355204,0,7900000000
2022-05-24,5265251020.0,2107799184.0,526949796,0,7900000000
2022-05-25,5262031225.0,2110375020.0,527593755,0,7900000000
2022-05-26,5259517535.0,2112385972.0,528096493,0,7900000000
2022-05-27,5256669255.0,2114664596.0,528666149,0,7900000000
2022-05-28,5255024110.0,2115980712.0,528995178,0,7900000000
2022-05-29,5253640635.0,2117087492.0,529271873,0,7900000000
2022-05-30,5251918880.0,2118464896.0,529616224,0,7900000000
2022-05-31,5248792155.0,2120966276.0,530241569,0,7900000000
2022-06-01,5245300120.0,2123759904.0,530939976,0,7900000000
2022-06-02,5242646420.0,2125882864.0,531470716,0,7900000000
2022-06-03,5239928650.0,2128057080.0,532014270,0,7900000000
2022-06-04,5238663245.0,2129069404.0,532267351,0,7900000000
2022-06-05,5237348310.0,2130121352.0,532530338,0,7900000000
2022-06-06,5235173765.0,2131860988.0,532965247,0,7900000000
2022-06-07,5232115465.0,2134307628.0,533576907,0,7900000000
2022-06-08,5228582570.0,2137133944.0,534283486,0,7900000000
2022-06-09,5225757345.0,2139394124.0,534848531,0,7900000000
2022-06-10,5222973530.0,2141621176.0,535405294,0,7900000000
2022-06-11,5221554575.0,2142756340.0,535689085,0,7900000000
2022-06-12,5220563335.0,2143549332.0,535887333,0,7900000000
2022-06-13,5217924250.0,2145660600.0,536415150,0,7900000000
2022-06-14,5213638985.0,2149088812.0,537272203,0,7900000000
2022-06-15,5210028520.0,2151977184.0,537994296,0,7900000000
2022-06-16,5207114310.0,2154308552.0,538577138,0,7900000000
2022-06-17,5204449245.0,2156440604.0,539110151,0,7900000000
2022-06-18,5203306290.0,2157354968.0,539338742,0,7900000000
2022-06-19,5201963795.0,2158428964.0,539607241,0,7900000000
2022-06-20,5198187775.0,2161449780.0,540362445,0,7900000000
2022-06-21,5194107455.0,2164714036.0,541178509,0,7900000000
2022-06-22,5190078360.0,2167937312.0,541984328,0,7900000000
2022-06-23,5186160205.0,2171071836.0,542767959,0,7900000000
2022-06-24,5182273535.0,2174181172.0,543545293,0,7900000000
2022-06-25,5180688920.0,2175448864.0,543862216,0,7900000000
2022-06-26,5179255100.0,2176595920.0,544148980,0,7900000000
2022-06-27,5174893180.0,2180085456.0,545021364,0,7900000000
2022-06-28,5170183405.0,2183853276.0,545963319,0,7900000000
2022-06-29,5165519330.0,2187584536.0,546896134,0,7900000000
2022-06-30,5160128415.0,2191897268.0,547974317,0,7900000000
2022-07-01,5155372545.0,2195701964.0,548925491,0,7900000000
2022-07-02,5153575360.0,2197139712.0,549284928,0,7900000000
2022-07-03,5151782940.0,2198573648.0,549643412,0,7900000000
2022-07-04,5147522490.0,2201982008.0,550495502,0,7900000000
2022-07-05,5141496030.0,2206803176.0,551700794,0,7900000000
2022-07-06,5135369430.0,2211704456.0,552926114,0,7900000000
2022-07-07,5130103815.0,2215916948.0,553979237,0,7900000000
2022-07-08,5125070575.0,2219943540.0,554985885,0,7900000000
2022-07-09,5122551375.0,2221958900.0,555489725,0,7900000000
2022-07-10,5120437035.0,2223650372.0,555912593,0,7900000000
2022-07-11,5115170645.0,2227863484.0,556965871,0,7900000000
2022-07-12,5109055530.0,2232755576.0,558188894,0,7900000000
2022-07-13,5101920155.0,2238463876.0,559615969,0,7900000000
2022-07-14,5096908315.0,2242473348.0,560618337,0,7900000000
2022-07-15,5091895625.0,2246483500.0,561620875,0,7900000000
2022-07-16,5089130610.0,2248695512.0,562173878,0,7900000000
2022-07-17,5086833400.0,2250533280.0,562633320,0,7900000000
2022-07-18,5080843185.0,2255325452.0,563831363,0,7900000000
2022-07-19,5073119290.0,2261504568.0,565376142,0,7900000000
2022-07-20,5065108810.0,2267912952.0,566978238,0,7900000000
2022-07-21,5059338450.0,2272529240.0,568132310,0,7900000000
2022-07-22,5053861955.0,2276910436.0,569227609,0,7900000000
2022-07-23,5050677855.0,2279457716.0,569864429,0,7900000000
2022-07-24,5047922400.0,2281662080.0,570415520,0,7900000000
2022-07-25,5043053905.0,2285556876.0,571389219,0,7900000000
2022-07-26,5037070605.0,2290343516.0,572585879,0,7900000000
2022-07-27,5029937480.0,2296050016.0,574012504,0,7900000000
2022-07-28,5024356815.0,2300514548.0,575128637,0,7900000000
2022-07-29,5017479790.0,2306016168.0,576504042,0,7900000000
2022-07-30,5014598535.0,2308321172.0,577080293,0,7900000000
2022-07-31,5011874750.0,2310500200.0,577625050,0,7900000000
2022-08-01,5007508660.0,2313993072.0,578498268,0,7900000000
2022-08-02,5001555765.0,2318755388.0,579688847,0,7900000000
2022-08-03,4995778365.0,2323377308.0,580844327,0,7900000000
2022-08-04,4988507465.0,2329194028.0,582298507,0,7900000000
2022-08-05,4984000800.0,2332799360.0,583199840,0,7900000000
2022-08-06,4978109195.0,2337512644.0,584378161,0,7900000000
2022-08-07,4975619575.0,2339504340.0,584876085,0,7900000000
2022-08-08,4971538390.0,2342769288.0,585692322,0,7900000000
2022-08-09,4966337210.0,2346930232.0,586732558,0,7900000000
2022-08-10,4961202025.0,2351038380.0,587759595,0,7900000000
2022-08-11,4956174655.0,2355060276.0,588765069,0,7900000000
2022-08-12,4952409760.0,2358072192.0,589518048,0,7900000000
2022-08-13,4949226940.0,2360618448.0,590154612,0,7900000000
2022-08-14,4946923170.0,2362461464.0,590615366,0,7900000000
2022-08-15,4942646755.0,2365882596.0,591470649,0,7900000000
2022-08-16,4937230220.0,2370215824.0,592553956,0,7900000000
2022-08-17,4932277635.0,2374177892.0,593544473,0,7900000000
2022-08-18,4927553830.0,2377956936.0,594489234,0,7900000000
2022-08-19,4923546490.0,2381162808.0,595290702,0,7900000000
2022-08-20,4920674350.0,2383460520.0,595865130,0,7900000000
2022-08-21,4918251680.0,2385398656.0,596349664,0,7900000000
2022-08-22,4914695905.0,2388243276.0,597060819,0,7900000000
2022-08-23,4910250140.0,2391799888.0,597949972,0,7900000000
2022-08-24,4905827285.0,2395338172.0,598834543,0,7900000000
2022-08-25,4901502260.0,2398798192.0,599699548,0,7900000000
2022-08-26,4897990485.0,2401607612.0,600401903,0,7900000000
2022-08-27,4895727090.0,2403418328.0,600854582,0,7900000000
2022-08-28,4893695865.0,2405043308.0,601260827,0,7900000000
2022-08-29,4890810175.0,2407351860.0,601837965,0,7900000000
2022-08-30,4887070695.0,2410343444.0,602585861,0,7900000000
2022-08-31,4883304800.0,2413356160.0,603339040,0,7900000000
2022-09-01,4879905980.0,2416075216.0,604018804,0,7900000000
2022-09-02,4876618565.0,2418705148.0,604676287,0,7900000000
2022-09-03,4874735155.0,2420211876.0,605052969,0,7900000000
2022-09-04,4872883210.0,2421693432.0,605423358,0,7900000000
2022-09-05,4870594260.0,2423524592.0,605881148,0,7900000000
2022-09-06,4867225015.0,2426219988.0,606554997,0,7900000000
2022-09-07,4864142270.0,2428686184.0,607171546,0,7900000000
2022-09-08,4861222470.0,2431022024.0,607755506,0,7900000000
2022-09-09,4858594330.0,2433124536.0,608281134,0,7900000000
2022-09-10,4857028170.0,2434377464.0,608594366,0,7900000000
2022-09-11,4855456705.0,2435634636.0,608908659,0,7900000000
2022-09-12,4853031295.0,2437574964.0,609393741,0,7900000000
2022-09-13,4850288906.0,2439768876.0,609942219,-1,7900000000
2022-09-14,4846798781.0,2442560976.0,610640244,-1,7900000000
2022-09-15,4843742291.0,2445006168.0,611251542,-1,7900000000
2022-09-16,4841462811.0,2446829752.0,611707438,-1,7900000000
2022-09-17,4839987326.0,2448010140.0,612002535,-1,7900000000
2022-09-18,4838714441.0,2449028448.0,612257112,-1,7900000000
2022-09-19,4836630181.0,2450695856.0,612673964,-1,7900000000
2022-09-20,4833862136.0,2452910292.0,613227573,-1,7900000000
2022-09-21,4831271250.0,2454983000.0,613745750,0,7900000000
2022-09-22,4828173050.0,2457461560.0,614365390,0,7900000000
2022-09-23,4825582745.0,2459533804.0,614883451,0,7900000000
2022-09-24,4824256920.0,2460594464.0,615148616,0,7900000000
2022-09-25,4823142305.0,2461486156.0,615371539,0,7900000000
2022-09-26,4821028905.0,2463176876.0,615794219,0,7900000000
2022-09-27,4818031210.0,2465575032.0,616393758,0,7900000000
2022-09-28,4815281420.0,2467774864.0,616943716,0,7900000000
2022-09-29,4812060755.0,2470351396.0,617587849,0,7900000000
2022-09-30,4809698140.0,2472241488.0,618060372,0,7900000000
2022-10-01,4808492855.0,2473205716.0,618301429,0,7900000000
2022-10-02,4807489310.0,2474008552.0,618502138,0,7900000000
2022-10-03,4805889980.0,2475288016.0,618822004,0,7900000000
2022-10-04,4802889035.0,2477688772.0,619422193,0,7900000000
2022-10-05,4799974015.0,2480020788.0,620005197,0,7900000000
2022-10-06,4796771000.0,2482583200.0,620645800,0,7900000000
2022-10-07,4793894865.0,2484884108.0,621221027,0,7900000000
2022-10-08,4792799780.0,2485760176.0,621440044,0,7900000000
2022-10-09,4791705020.0,2486635984.0,621658996,0,7900000000
2022-10-10,4789436855.0,2488450516.0,622112629,0,7900000000
2022-10-11,4785985820.0,2491211344.0,622802836,0,7900000000
2022-10-12,4783233905.0,2493412876.0,623353219,0,7900000000
2022-10-13,4779919435.0,2496064452.0,624016113,0,7900000000
2022-10-14,4777529960.0,2497976032.0,624494008,0,7900000000
2022-10-15,4776439515.0,2498848388.0,624712097,0,7900000000
2022-10-16,4775478665.0,2499617068.0,624904267,0,7900000000
2022-10-17,4773096190.0,2501523048.0,625380762,0,7900000000
2022-10-18,4769952640.0,2504037888.0,626009472,0,7900000000
2022-10-19,4767317845.0,2506145724.0,626536431,0,7900000000
2022-10-20,4764340905.0,2508527276.0,627131819,0,7900000000
2022-10-21,4762184835.0,2510252132.0,627563033,0,7900000000
2022-10-22,4761273130.0,2510981496.0,627745374,0,7900000000
2022-10-23,4760469130.0,2511624696.0,627906174,0,7900000000
2022-10-24,4758539210.0,2513168632.0,628292158,0,7900000000
2022-10-25,4755564465.0,2515548428.0,628887107,0,7900000000
2022-10-26,4753229345.0,2517416524.0,629354131,0,7900000000
2022-10-27,4750874980.0,2519300016.0,629825004,0,7900000000
2022-10-28,4749055740.0,2520755408.0,630188852,0,7900000000
2022-10-29,4748060195.0,2521551844.0,630387961,0,7900000000
2022-10-30,4747223630.0,2522221096.0,630555274,0,7900000000
2022-10-31,4745722065.0,2523422348.0,630855587,0,7900000000
2022-11-01,4743713885.0,2525028892.0,631257223,0,7900000000
2022-11-02,4741972235.0,2526422212.0,631605553,0,7900000000
2022-11-03,4739504200.0,2528396640.0,632099160,0,7900000000
2022-11-04,4737281750.0,2530174600.0,632543650,0,7900000000
2022-11-05,4736275140.0,2530979888.0,632744972,0,7900000000
2022-11-06,4735341925.0,2531726460.0,632931615,0,7900000000
2022-11-07,4733818940.0,2532944848.0,633236212,0,7900000000
2022-11-08,4731564860.0,2534748112.0,633687028,0,7900000000
2022-11-09,4729394735.0,2536484212.0,634121053,0,7900000000
2022-11-10,4727092735.0,2538325812.0,634581453,0,7900000000
2022-11-11,4724650865.0,2540279308.0,635069827,0,7900000000
2022-11-12,4723438330.0,2541249336.0,635312334,0,7900000000
2022-11-13,4722520785.0,2541983372.0,635495843,0,7900000000
2022-11-14,4720786590.0,2543370728.0,635842682,0,7900000000
2022-11-15,4718267845.0,2545385724.0,636346431,0,7900000000
2022-11-16,4715836265.0,2547330988.0,636832747,0,7900000000
2022-11-17,4713439520.0,2549248384.0,637312096,0,7900000000
2022-11-18,4710285900.0,2551771280.0,637942820,0,7900000000
2022-11-19,4709049125.0,2552760700.0,638190175,0,7900000000
2022-11-20,4707936970.0,2553650424.0,638412606,0,7900000000
2022-11-21,4706229060.0,2555016752.0,638754188,0,7900000000
2022-11-22,4703357925.0,2557313660.0,639328415,0,7900000000
2022-11-23,4700404055.0,2559676756.0,639919189,0,7900000000
2022-11-24,4698302100.0,2561358320.0,640339580,0,7900000000
2022-11-25,4694811145.0,2564151084.0,641037771,0,7900000000
2022-11-26,4693458015.0,2565233588.0,641308397,0,7900000000
2022-11-27,4692140710.0,2566287432.0,641571858,0,7900000000
2022-11-28,4690111765.0,2567910588.0,641977647,0,7900000000
2022-11-29,4686458290.0,2570833368.0,642708342,0,7900000000
2022-11-30,4683779385.0,2572976492.0,643244123,0,7900000000
2022-12-01,4680248180.0,2575801456.0,643950364,0,7900000000
2022-12-02,4676440225.0,2578847820.0,644711955,0,7900000000
2022-12-03,4674940680.0,2580047456.0,645011864,0,7900000000
2022-12-04,4673654945.0,2581076044.0,645269011,0,7900000000
2022-12-05,4671127500.0,2583098000.0,645774500,0,7900000000
2022-12-06,4668004950.0,2585596040.0,646399010,0,7900000000
2022-12-07,4664837490.0,2588130008.0,647032502,0,7900000000
2022-12-08,4660791980.0,2591366416.0,647841604,0,7900000000
2022-12-09,4657439720.0,2594048224.0,648512056,0,7900000000
2022-12-10,4656066335.0,2595146932.0,648786733,0,7900000000
2022-12-11,4654570165.0,2596343868.0,649085967,0,7900000000
2022-12-12,4651706400.0,2598634880.0,649658720,0,7900000000
2022-12-13,4647816035.0,2601747172.0,650436793,0,7900000000
2022-12-14,4644387295.0,2604490164.0,651122541,0,7900000000
2022-12-15,4640633765.0,2607492988.0,651873247,0,7900000000
2022-12-16,4636973480.0,2610421216.0,652605304,0,7900000000
2022-12-17,4635471115.0,2611623108.0,652905777,0,7900000000
2022-12-18,4634052495.0,2612758004.0,653189501,0,7900000000
2022-12-19,4631120440.0,2615103648.0,653775912,0,7900000000
2022-12-20,4627576040.0,2617939168.0,654484792,0,7900000000
2022-12-21,4623972180.0,2620822256.0,655205564,0,7900000000
2022-12-22,4620182350.0,2623854120.0,655963530,0,7900000000
2022-12-23,4616975125.0,2626419900.0,656604975,0,7900000000
2022-12-24,4615253230.0,2627797416.0,656949354,0,7900000000
2022-12-25,4614321760.0,2628542592.0,657135648,0,7900000000
2022-12-26,4611724735.0,2630620212.0,657655053,0,7900000000
2022-12-27,4608453960.0,2633236832.0,658309208,0,7900000000
2022-12-28,4605268300.0,2635785360.0,658946340,0,7900000000
2022-12-29,4601911875.0,2638470500.0,659617625,0,7900000000
2022-12-30,4599001360.0,2640798912.0,660199728,0,7900000000
2022-12-31,4597681040.0,2641855168.0,660463792,0,7900000000
2023-01-01,4596108065.0,2643113548.0,660778387,0,7900000000
2023-01-02,4594009460.0,2644792432.0,661198108,0,7900000000
2023-01-03,4591695535.0,2646643572.0,661660893,0,7900000000
2023-01-04,4588843275.0,2648925380.0,662231345,0,7900000000
2023-01-05,4585167025.0,2651866380.0,662966595,0,7900000000
2023-01-06,4581572755.0,2654741796.0,663685449,0,7900000000
2023-01-07,4579787530.0,2656169976.0,664042494,0,7900000000
2023-01-08,4578150280.0,2657479776.0,664369944,0,7900000000
2023-01-09,4576405320.0,2658875744.0,664718936,0,7900000000
2023-01-10,4574430615.0,2660455508.0,665113877,0,7900000000
2023-01-11,4571897870.0,2662481704.0,665620426,0,7900000000
2023-01-12,4569512305.0,2664390156.0,666097539,0,7900000000
2023-01-13,4567333085.0,2666133532.0,666533383,0,7900000000
2023-01-14,4566226325.0,2667018940.0,666754735,0,7900000000
2023-01-15,4565242005.0,2667806396.0,666951599,0,7900000000
2023-01-16,4564168915.0,2668664868.0,667166217,0,7900000000
2023-01-17,4562408450.0,2670073240.0,667518310,0,7900000000
2023-01-18,4560519860.0,2671584112.0,667896028,0,7900000000
2023-01-19,4558897370.0,2672882104.0,668220526,0,7900000000
2023-01-20,4557188770.0,2674248984.0,668562246,0,7900000000
2023-01-21,4556421750.0,2674862600.0,668715650,0,7900000000
2023-01-22,4555849615.0,2675320308.0,668830077,0,7900000000
2023-01-23,4554994345.0,2676004524.0,669001131,0,7900000000
2023-01-24,4553635245.0,2677091804.0,669272951,0,7900000000
2023-01-25,4552164145.0,2678268684.0,669567171,0,7900000000
2023-01-26,4550755400.0,2679395680.0,669848920,0,7900000000
2023-01-27,4549565780.0,2680347376.0,670086844,0,7900000000
2023-01-28,4548898965.0,2680880828.0,670220207,0,7900000000
2023-01-29,4548279730.0,2681376216.0,670344054,0,7900000000
2023-01-30,4547480340.0,2682015728.0,670503932,0,7900000000
2023-01-31,4546327055.0,2682938356.0,670734589,0,7900000000
2023-02-01,4544837980.0,2684129616.0,671032404,0,7900000000
2023-02-02,4543542555.0,2685165956.0,671291489,0,7900000000
2023-02-03,4542352260.0,2686118192.0,671529548,0,7900000000
2023-02-04,4541838565.0,2686529148.0,671632287,0,7900000000
2023-02-05,4541392620.0,2686885904.0,671721476,0,7900000000
2023-02-06,4540662685.0,2687469852.0,671867463,0,7900000000
2023-02-07,4539673800.0,2688260960.0,672065240,0,7900000000
2023-02-08,4538523310.0,2689181352.0,672295338,0,7900000000
2023-02-09,4537228795.0,2690216964.0,672554241,0,7900000000
2023-02-10,4536518380.0,2690785296.0,672696324,0,7900000000
2023-02-11,4535857345.0,2691314124.0,672828531,0,7900000000
2023-02-12,4535469115.0,2691624708.0,672906177,0,7900000000
2023-02-13,4534779345.0,2692176524.0,673044131,0,7900000000
2023-02-14,4533811345.0,2692950924.0,673237731,0,7900000000
2023-02-15,4532611805.0,2693910556.0,673477639,0,7900000000
2023-02-16,4531572340.0,2694742128.0,673685532,0,7900000000
2023-02-17,4530605835.0,2695515332.0,673878833,0,7900000000
2023-02-18,4530151020.0,2695879184.0,673969796,0,7900000000
2023-02-19,4529718855.0,2696224916.0,674056229,0,7900000000
2023-02-20,4529282055.0,2696574356.0,674143589,0,7900000000
2023-02-21,4528381395.0,2697294884.0,674323721,0,7900000000
2023-02-22,4527150880.0,2698279296.0,674569824,0,7900000000
2023-02-23,4526045420.0,2699163664.0,674790916,0,7900000000
2023-02-24,4525333290.0,2699733368.0,674933342,0,7900000000
2023-02-25,4525106035.0,2699915172.0,674978793,0,7900000000
2023-02-26,4524777930.0,2700177656.0,675044414,0,7900000000
2023-02-27,4524142805.0,2700685756.0,675171439,0,7900000000
2023-02-28,4523388810.0,2701288952.0,675322238,0,7900000000
2023-03-01,4522285740.0,2702171408.0,675542852,0,7900000000
2023-03-02,4521340445.0,2702927644.0,675731911,0,7900000000
2023-03-03,4520427100.0,2703658320.0,675914580,0,7900000000
2023-03-04,4520156125.0,2703875100.0,675968775,0,7900000000
2023-03-05,4519875495.0,2704099604.0,676024901,0,7900000000
2023-03-06,4519585295.0,2704331764.0,676082941,0,7900000000
2023-03-07,4518933110.0,2704853512.0,676213378,0,7900000000
2023-03-08,4518035880.0,2705571296.0,676392824,0,7900000000
2023-03-09,4517149255.0,2706280596.0,676570149,0,7900000000
